commonName,taxon,status,recommendation,reviewDate,url,notes
Alabama cave shrimp,Crustacean,Endangered,No Change,2006-08-29,https://ecos.fws.gov/docs/five_year_review/doc747.pdf,
Cylindrical lioplax,Snail,Endangered,No Change,2006-08-29,https://ecos.fws.gov/docs/species/doc748.pdf,
Flat pebblesnail,Snail,Endangered,No Change,2006-08-29,https://ecos.fws.gov/docs/five_year_review/doc753.pdf,
Lacy elimia,Snail,Threatened,No Change,2006-08-29,https://ecos.fws.gov/docs/five_year_review/doc752.pdf,
Painted rocksnail,Snail,Threatened,No Change,2006-08-29,https://ecos.fws.gov/docs/five_year_review/doc754.pdf,
Plicate rocksnail,Snail,Endangered,No Change,2006-08-29,https://ecos.fws.gov/docs/five_year_review/doc755.pdf,
Round rocksnail,Snail,Threatened,No Change,2006-08-29,https://ecos.fws.gov/docs/five_year_review/doc756.pdf,
Red-cockaded woodpecker,Bird,Endangered,No Change,2006-10-05,https://ecos.fws.gov/docs/five_year_review/doc787.pdf,
Speckled pocketbook,Mussel,Endangered,No Change,2007-01-19,https://ecos.fws.gov/docs/five_year_review/doc1035.pdf,
Cumberland elktoe,Mussel,Endangered,No Change,2007-01-24,https://ecos.fws.gov/docs/five_year_review/doc1036.pdf,
Bachman's warbler,Bird,Endangered,No Change,2007-02-09,https://ecos.fws.gov/docs/five_year_review/doc1037.pdf,
American crocodile,Reptile,Endangered,Downlist from Endangered to Threatened,2007-03-20,https://www.fws.gov/southeast/pdf/five-year-reviews/american-crocodile-2006.pdf,
West Indian manatee,Mammal,Endangered,Downlist from Endangered to Threatened,2007-04-06,https://ecos.fws.gov/docs/five_year_review/doc3771.pdf,
Beach jacquemontia,Plant,Endangered,No Change,2007-05-30,https://ecos.fws.gov/docs/five_year_review/doc1054.pdf,
Seabeach amaranth,Plant,Threatened,No Change,2007-06-04,https://ecos.fws.gov/docs/five_year_review/doc1068.pdf,
Etonia rosemary,Plant,Endangered,Downlist from Endangered to Threatened,2007-06-09,https://ecos.fws.gov/docs/five_year_review/doc1060.pdf,
Okaloosa darter,Fish,Endangered,Downlist from Endangered to Threatened,2007-07-02,https://ecos.fws.gov/docs/five_year_review/doc1066.pdf,
Avon park harebells,Plant,Endangered,No Change,2007-07-13,https://ecos.fws.gov/docs/five_year_review/doc1067.pdf,
Bluetail mole skink,Reptile,Threatened,No Change,2007-08-02,https://ecos.fws.gov/docs/five_year_review/doc1071.pdf,
Sand skink,Reptile,Threatened,No Change,2007-08-02,https://ecos.fws.gov/docs/five_year_review/doc1072.pdf,
Leatherback sea turtle,Reptile,Endangered,No Change,2007-08-21,https://ecos.fws.gov/docs/five_year_review/doc1076.pdf,
Olive Ridley sea turtle,Reptile,Endangered & Threatened,No Change,2007-08-21,https://ecos.fws.gov/docs/five_year_review/doc1077.pdf,
Green sea turtle,Reptile,Endangered & Threatened,No Change,2007-08-22,https://ecos.fws.gov/docs/five_year_review/doc1078.pdf,
Hawksbill sea turtle,Reptile,Endangered,No Change,2007-08-23,https://ecos.fws.gov/docs/five_year_review/doc1079.pdf,
Kemp's Ridley sea turtle,Reptile,Endangered,No Change,2007-08-24,https://ecos.fws.gov/docs/five_year_review/doc1074.pdf,
Loggerhead sea turtle,Reptile,Threatened,No Change,2007-08-27,https://ecos.fws.gov/docs/five_year_review/doc1075.pdf,
Choctawhatchee beach mouse,Mammal,Endangered,No Change,2007-09-04,https://ecos.fws.gov/docs/five_year_review/doc1081.pdf,
Perdido Key beach mouse,Mammal,Endangered,No Change,2007-09-04,https://ecos.fws.gov/docs/five_year_review/doc1085.pdf,
Anastasia Island beach mouse,Mammal,Endangered,No Change,2007-09-06,https://ecos.fws.gov/docs/five_year_review/doc1086.pdf,
Garber's spurge,Plant,Threatened,No Change,2007-09-06,https://ecos.fws.gov/docs/five_year_review/doc1082.pdf,
Chipola slabshell,Mussel,Threatened,No Change,2007-09-17,https://ecos.fws.gov/docs/five_year_review/doc1107.pdf,
Fat threeridge,Mussel,Endangered,No Change,2007-09-17,https://ecos.fws.gov/docs/five_year_review/doc1102.pdf,
Gulf moccasinshell,Mussel,Endangered,No Change,2007-09-17,https://ecos.fws.gov/docs/five_year_review/doc1104.pdf,
Ochlockonee moccasinshell,Mussel,Endangered,No Change,2007-09-17,https://ecos.fws.gov/docs/five_year_review/doc1105.pdf,
Oval pigtoe,Mussel,Endangered,No Change,2007-09-17,https://ecos.fws.gov/docs/five_year_review/doc1106.pdf,
Purple bankclimber,Mussel,Threatened,No Change,2007-09-17,https://ecos.fws.gov/docs/five_year_review/doc1108.pdf,
Shinyrayed pocketbook,Mussel,Endangered,No Change,2007-09-17,https://ecos.fws.gov/docs/five_year_review/doc1103.pdf,
Florida perforate cladonia,Plant,Endangered,No Change,2007-09-17,https://ecos.fws.gov/docs/five_year_review/doc1095.pdf,
Wide-leaf warea,Plant,Endangered,No Change,2007-09-17,https://ecos.fws.gov/docs/five_year_review/doc1096.pdf,
Cumberlandian combshell,Mussel,Endangered,No Change,2007-09-19,https://ecos.fws.gov/docs/five_year_review/doc1112.pdf,
Wood stork,Bird,Endangered,Downlist from Endangered to Threatened,2007-09-21,https://ecos.fws.gov/docs/five_year_review/doc1115.pdf,**
Lower Keys marsh rabbit,Mammal,Endangered,No Change,2007-09-21,https://ecos.fws.gov/docs/five_year_review/doc1110.pdf,
Green blossom,Mussel,Endangered,Remove from Endangered Species List,2007-09-21,https://ecos.fws.gov/docs/five_year_review/doc1961.pdf,
Turgid blossom,Mussel,Endangered,Remove from Endangered Species List,2007-09-21,https://ecos.fws.gov/docs/five_year_review/doc1961.pdf,
Yellow blossom,Mussel,Endangered,Remove from Endangered Species List,2007-09-21,https://ecos.fws.gov/docs/five_year_review/doc1961.pdf,
Crenulate leadplant,Plant,Endangered,No Change,2007-09-21,https://ecos.fws.gov/docs/five_year_review/doc1111.pdf,
Everglades snail kite,Bird,Endangered,No Change,2007-09-27,https://ecos.fws.gov/docs/five_year_review/doc1118.pdf,*
Florida scrub-jay,Bird,Threatened,No Change,2007-09-28,https://ecos.fws.gov/docs/five_year_review/doc1117.pdf,
Red wolf,Mammal,Endangered,No Change,2007-09-28,https://ecos.fws.gov/docs/five_year_review/doc3991.pdf,
Shorts goldenrod,Plant,Endangered,No Change,2007-10-25,https://ecos.fws.gov/docs/five_year_review/doc1609.pdf,
Scrub lupine,Plant,Endangered,No Change,2007-11-27,https://ecos.fws.gov/docs/five_year_review/doc1607.pdf,
Painted snake coiled forest snail,Snail,Threatened,No Change,2008-01-16,https://ecos.fws.gov/docs/five_year_review/doc1669.pdf,
Tulotoma snail,Snail,Endangered,Downlist from Endangered to Threatened,2008-02-29,https://ecos.fws.gov/docs/five_year_review/doc1861.pdf,
Telephus spurge,Plant,Threatened,No Change,2008-03-06,https://ecos.fws.gov/docs/five_year_review/doc1884.pdf,
Atlantic salt marsh snake,Reptile,Threatened,No Change,2008-03-24,https://ecos.fws.gov/docs/five_year_review/doc1885.pdf,
Southeastern beach mouse,Mammal,Threatened,No Change,2008-04-07,https://ecos.fws.gov/docs/five_year_review/doc1888.pdf,
Alabama moccasinshell,Mussel,Threatened,No Change,2008-04-07,https://ecos.fws.gov/docs/five_year_review/doc2365.pdf,*
Coosa moccasinshell,Mussel,Endangered,No Change,2008-04-07,https://ecos.fws.gov/docs/five_year_review/doc2365.pdf,*
Dark pigtoe,Mussel,Endangered,No Change,2008-04-07,https://ecos.fws.gov/docs/five_year_review/doc2365.pdf,*
Fine-lined pocketbook,Mussel,Threatened,No Change,2008-04-07,https://ecos.fws.gov/docs/five_year_review/doc2365.pdf,*
Orangenacre mucket,Mussel,Threatened,No Change,2008-04-07,https://ecos.fws.gov/docs/five_year_review/doc2365.pdf,*
Ovate clubshell,Mussel,Endangered,No Change,2008-04-07,https://ecos.fws.gov/docs/five_year_review/doc2365.pdf,*
Southern acornshell,Mussel,Endangered,Remove from Endangered Species List,2008-04-07,https://ecos.fws.gov/docs/five_year_review/doc2365.pdf,*
Southern clubshell,Mussel,Endangered,No Change,2008-04-07,https://ecos.fws.gov/docs/five_year_review/doc2365.pdf,*
Southern pigtoe,Mussel,Endangered,No Change,2008-04-07,https://ecos.fws.gov/docs/five_year_review/doc2365.pdf,*
Triangular kidneyshell,Mussel,Endangered,No Change,2008-04-07,https://ecos.fws.gov/docs/five_year_review/doc2365.pdf,*
Upland combshell,Mussel,Endangered,Remove from Endangered Species List,2008-04-07,https://ecos.fws.gov/docs/five_year_review/doc2365.pdf,*
Eastern indigo snake,Reptile,Threatened,No Change,2008-04-29,https://ecos.fws.gov/docs/five_year_review/doc1910.pdf,
Florida salt marsh vole,Mammal,Endangered,No Change,2008-06-05,https://ecos.fws.gov/docs/five_year_review/doc1915.pdf,
Adiantum vivesii,Plant,Endangered,Remove from Endangered Species List,2008-06-10,https://ecos.fws.gov/docs/five_year_review/doc5840.pdf,
Slackwater darter,Fish,Endangered,No Change,2008-06-24,https://ecos.fws.gov/docs/five_year_review/doc1918.pdf,
Miccosukee gooseberry,Plant,Threatened,No Change,2008-07-15,https://ecos.fws.gov/docs/five_year_review/doc1925.pdf,
Scrub buckwheat,Plant,Threatened,No Change,2008-07-23,https://ecos.fws.gov/docs/five_year_review/doc1926.pdf,
Squirrel chimney cave shrimp,Crustacean,Endangered,No Change,2008-07-28,https://ecos.fws.gov/docs/five_year_review/doc5095.pdf,
Pygmy sculpin,Fish,Threatened,No Change,2008-07-28,https://ecos.fws.gov/docs/five_year_review/doc1941.pdf,
Short-leaved rosemary,Plant,Endangered,No Change,2008-08-08,https://ecos.fws.gov/docs/five_year_review/doc1943.pdf,
Rice rat,Mammal,Endangered,No Change,2008-08-18,https://ecos.fws.gov/docs/five_year_review/doc1958.pdf,
Florida bonamia,Plant,Threatened,No Change,2008-08-28,https://ecos.fws.gov/docs/five_year_review/doc1956.pdf,
Highlands scrub hypericum,Plant,Endangered,No Change,2008-09-05,https://ecos.fws.gov/docs/five_year_review/doc1959.pdf,
Longspurred mint,Plant,Endangered,No Change,2008-09-10,https://ecos.fws.gov/docs/five_year_review/doc1967.pdf,
Carter's mustard,Plant,Endangered,No Change,2008-09-15,https://ecos.fws.gov/docs/five_year_review/doc1977.pdf,
Pigeon wings,Plant,Threatened,No Change,2008-09-15,https://ecos.fws.gov/docs/five_year_review/doc1976.pdf,
Schaus swallowtail,Insect,Endangered,No Change,2008-09-23,https://ecos.fws.gov/docs/five_year_review/doc1983.pdf,
Key Largo woodrat,Mammal,Endangered,No Change,2008-09-25,https://ecos.fws.gov/docs/five_year_review/doc4353.pdf,
Lakela's mint,Plant,Endangered,No Change,2008-09-25,https://ecos.fws.gov/docs/five_year_review/doc1984.pdf,
Puerto Rican parrot,Bird,Endangered,No Change,2008-09-26,https://ecos.fws.gov/docs/five_year_review/doc1989.pdf,
Papery whitlow-wort,Plant,Threatened,No Change,2008-09-28,https://ecos.fws.gov/docs/five_year_review/doc1986.pdf,
Rugel's pawpaw,Plant,Endangered,No Change,2008-09-28,https://ecos.fws.gov/docs/five_year_review/doc1990.pdf,
Florida grasshopper sparrow,Bird,Endangered,No Change,2008-09-30,https://ecos.fws.gov/docs/five_year_review/doc1988.pdf,
Black spored quillwort,Plant,Endangered,No Change,2008-09-30,https://ecos.fws.gov/docs/five_year_review/doc1987.pdf,
Little amphianthus,Plant,Threatened,No Change,2008-09-30,https://ecos.fws.gov/docs/five_year_review/doc1987.pdf,
Mat forming quillwort,Plant,Endangered,No Change,2008-09-30,https://ecos.fws.gov/docs/five_year_review/doc1987.pdf,
Cooley's meadowrue,Plant,Endangered,No Change,2009-01-08,https://ecos.fws.gov/docs/five_year_review/doc2362.pdf,
Gentian pinkroot,Plant,Endangered,No Change,2009-01-21,https://ecos.fws.gov/docs/five_year_review/doc2363.pdf,
Frosted flatwoods salamander,Amphibian,Threatened,No Change - Taxonmic update,2009-02-10,https://ecos.fws.gov/docs/five_year_review/doc2523.pdf,
Appalachian elktoe,Mussel,Endangered,No Change,2009-03-03,https://ecos.fws.gov/docs/five_year_review/doc2369.pdf,
White-haired goldenrod,Plant,Threatened,No Change,2009-03-03,https://ecos.fws.gov/docs/five_year_review/doc2368.pdf,
White birds-in-a-nest,Plant,Threatened,No Change,2009-03-10,https://ecos.fws.gov/docs/five_year_review/doc2371.pdf,
Key Largo cotton mouse,Mammal,Endangered,No Change,2009-03-26,https://ecos.fws.gov/docs/five_year_review/doc2378.pdf,
St. Andrew beach mouse,Mammal,Endangered,No Change,2009-04-06,https://ecos.fws.gov/docs/five_year_review/doc2402.pdf,
Four petal pawpaw,Plant,Endangered,No Change,2009-04-06,https://ecos.fws.gov/docs/five_year_review/doc2401.pdf,
Lyrate bladderpod,Plant,Threatened,No Change,2009-04-08,https://ecos.fws.gov/docs/five_year_review/doc2403.pdf,
Black clubshell,Mussel,Endangered,No Change,2009-04-27,https://ecos.fws.gov/docs/five_year_review/doc2409.pdf,
Flat pigtoe,Mussel,Endangered,Remove from Endangered Species List,2009-04-27,https://ecos.fws.gov/docs/five_year_review/doc2409.pdf,
Heavy pigtoe,Mussel,Endangered,No Change,2009-04-27,https://ecos.fws.gov/docs/five_year_review/doc2409.pdf,*
Southern combshell,Mussel,Endangered,No Change,2009-04-27,https://ecos.fws.gov/docs/five_year_review/doc2409.pdf,*
Stirrupshell,Mussel,Endangered,Remove from Endangered Species List,2009-04-27,https://ecos.fws.gov/docs/five_year_review/doc2409.pdf,*
Florida panther,Mammal,Endangered,No Change,2009-04-28,https://ecos.fws.gov/docs/five_year_review/doc4352.pdf,
Florida golden aster,Plant,Endangered,Downlist from Endangered to Threatened,2009-05-14,https://ecos.fws.gov/docs/five_year_review/doc2411.pdf,
Scrub plum,Plant,Endangered,No Change,2009-05-19,https://ecos.fws.gov/docs/five_year_review/doc2413.pdf,
Florida skullcap,Plant,Threatened,No Change,2009-06-11,https://ecos.fws.gov/docs/five_year_review/doc2416.pdf,
Beautiful pawpaw,Plant,Endangered,No Change,2009-06-17,https://ecos.fws.gov/docs/five_year_review/doc2588.pdf,
Geocarpon minimum,Plant,Threatened,No Change,2009-07-01,https://ecos.fws.gov/docs/five_year_review/doc2487.pdf,
Apalachicola rosemary,Plant,Endangered,No Change,2009-07-07,https://ecos.fws.gov/docs/five_year_review/doc2421.pdf,
Godfrey's butterwort,Plant,Threatened,No Change,2009-07-08,https://ecos.fws.gov/docs/five_year_review/doc2590.pdf,
Scrub mint,Plant,Endangered,No Change,2009-08-06,https://ecos.fws.gov/docs/five_year_review/doc2492.pdf,
Northern crested caracara,Bird,Threatened,No Change,2009-08-14,https://ecos.fws.gov/docs/five_year_review/doc2507.pdf,
Virgin Island tree boa,Reptile,Endangered,Downlist from Endangered to Threatened,2009-08-14,https://ecos.fws.gov/docs/five_year_review/doc2508.pdf,
Florida ziziphus,Plant,Endangered,No Change,2009-08-27,https://ecos.fws.gov/docs/five_year_review/doc2587.pdf,
Watercress darter,Fish,Endangered,No Change,2009-08-28,https://ecos.fws.gov/docs/five_year_review/doc2589.pdf,
Garrett's mint,Plant,Endangered,No Change,2009-09-03,https://ecos.fws.gov/docs/five_year_review/doc2545.pdf,
Okeechobee gourd,Plant,Endangered,No Change,2009-09-03,https://ecos.fws.gov/docs/five_year_review/doc2583.pdf,
Harper's beauty,Plant,Endangered,No Change,2009-09-11,https://ecos.fws.gov/docs/five_year_review/doc2579.pdf,
Stock Island tree snail,Snail,Threatened,No Change,2009-09-11,https://ecos.fws.gov/docs/five_year_review/doc2582.pdf,
Boulder darter,Fish,Endangered,No Change,2009-09-18,https://ecos.fws.gov/docs/five_year_review/doc2617.pdf,
Palma de manaca,Plant,Threatened,No Change,2009-09-18,https://ecos.fws.gov/docs/five_year_review/doc2615.pdf,
Gulf sturgeon,Fish,Threatened,No Change,2009-09-22,https://ecos.fws.gov/docs/five_year_review/doc2620.pdf,
Pygmy madtom,Fish,Endangered,No Change,2009-10-05,https://ecos.fws.gov/docs/five_year_review/doc2624.pdf,
Alabama beach mouse,Mammal,Endangered,No Change,2009-11-23,https://ecos.fws.gov/docs/five_year_review/doc2996.pdf,
Golden sedge,Plant,Endangered,No Change,2009-12-18,https://ecos.fws.gov/docs/five_year_review/doc3020.pdf,*
Elaphoglossum serpens,Plant,Endangered,No Change,2010-01-15,https://ecos.fws.gov/docs/five_year_review/doc3074.pdf,
Polystichum calderonense,Plant,Endangered,No Change,2010-01-15,https://ecos.fws.gov/docs/five_year_review/doc3074.pdf,
Tectaria estremerana,Plant,Endangered,No Change,2010-01-15,https://ecos.fws.gov/docs/five_year_review/doc3074.pdf,
Harrisia portoricensis,Plant,Threatened,No Change,2010-01-20,https://ecos.fws.gov/docs/five_year_review/doc3078.pdf,
Chapman's rhododendron,Plant,Endangered,No Change,2010-04-13,https://ecos.fws.gov/docs/five_year_review/doc3201.pdf,
Kentucky cave shrimp,Crustacean,Endangered,No Change,2010-04-30,https://ecos.fws.gov/docs/five_year_review/doc3203.pdf,
Brittons beargrass,Plant,Endangered,No Change,2010-05-10,https://ecos.fws.gov/docs/five_year_review/doc3205.pdf,
Brooksville bellflower,Plant,Endangered,No Change,2010-05-10,https://ecos.fws.gov/docs/five_year_review/doc3206.pdf,
Brauns rockcress,Plant,Endangered,No Change,2010-05-28,https://ecos.fws.gov/docs/five_year_review/doc3235.pdf,
Tiny polygala,Plant,Endangered,No Change,2010-06-07,https://ecos.fws.gov/docs/five_year_review/doc3242.pdf,
Deltoid spurge,Plant,Endangered,No Change,2010-06-15,https://ecos.fws.gov/docs/five_year_review/doc3243.pdf,
Cumberland bean,Mussel,Endangered,No Change,2010-06-21,https://ecos.fws.gov/docs/five_year_review/doc3244.pdf,
Fragrant prickly apple,Plant,Endangered,No Change,2010-06-24,https://ecos.fws.gov/docs/five_year_review/doc3246.pdf,
Snakeroot,Plant,Endangered,No Change,2010-07-07,https://ecos.fws.gov/docs/five_year_review/doc3248.pdf,
Cooley's waterwillow,Plant,Endangered,No Change,2010-07-08,https://ecos.fws.gov/docs/five_year_review/doc3252.pdf,
Alabama leather flower,Plant,Endangered,No Change,2010-07-12,https://ecos.fws.gov/docs/five_year_review/doc3250.pdf,
Small's milkpea,Plant,Endangered,No Change,2010-07-23,https://ecos.fws.gov/docs/five_year_review/doc3257.pdf,
Florida torreya,Plant,Endangered,No Change,2010-07-30,https://ecos.fws.gov/docs/five_year_review/doc3258.pdf,
Lewton's polygala,Plant,Endangered,No Change,2010-08-05,https://ecos.fws.gov/docs/five_year_review/doc3261.pdf,
Tennessee purple coneflower,Plant,Threatened,Remove from Endangered Species List,2010-08-12,https://www.federalregister.gov/documents/2011/08/03/2011-19674/endangered-and-threatened-wildlife-and-plants-removal-of-echinacea-tennesseensis-tennessee-purple,
Scrub blazingstar,Plant,Endangered,No Change,2010-08-16,https://ecos.fws.gov/docs/five_year_review/doc3269.pdf,
Pygmy fringe-tree,Plant,Endangered,No Change,2010-08-17,https://ecos.fws.gov/docs/five_year_review/doc3271.pdf,
Ringed map turtle,Reptile,Threatened,No Change,2010-08-17,https://ecos.fws.gov/docs/five_year_review/doc3270.pdf,
Cape Sable seaside sparrow,Bird,Endangered,No Change,2010-08-18,https://ecos.fws.gov/docs/five_year_review/doc3272.pdf,
Key deer,Mammal,Endangered,No Change,2010-08-23,https://ecos.fws.gov/docs/five_year_review/doc3275.pdf,
Schweinitz's sunflower,Plant,Endangered,No Change,2010-08-24,https://ecos.fws.gov/docs/five_year_review/doc3279.pdf,
Sandlace,Plant,Endangered,No Change,2010-08-26,https://ecos.fws.gov/docs/five_year_review/doc3277.pdf,
Key tree-cactus,Plant,Endangered,No Change,2010-08-27,https://ecos.fws.gov/docs/five_year_review/doc3278.pdf,
Wireweed,Plant,Endangered,No Change,2010-09-07,https://ecos.fws.gov/docs/five_year_review/doc3280.pdf,
Canby's dropwort,Plant,Endangered,No Change,2010-09-13,https://ecos.fws.gov/docs/five_year_review/doc3282.pdf,
Morefield's leather flower,Plant,Endangered,No Change,2010-09-13,https://ecos.fws.gov/docs/five_year_review/doc3287.pdf,
Armored snail,Snail,Endangered,No Change,2010-09-22,http://www.gpo.gov/fdsys/pkg/FR-2018-05-07/pdf/2018-09604.pdf,
Puerto Rican broad-winged hawk,Bird,Endangered,No Change,2010-10-28,https://ecos.fws.gov/docs/five_year_review/doc3575.pdf,
Alabama sturgeon,Fish,Endangered,No Change,2010-11-09,https://ecos.fws.gov/docs/five_year_review/doc3577.pdf,
Aristida chaseae,Plant,Endangered,No Change,2010-12-02,https://ecos.fws.gov/docs/five_year_review/doc3593.pdf,
Aristida portoricensis (pelos del diablo),Plant,Endangered,No Change,2010-12-02,https://ecos.fws.gov/docs/five_year_review/doc3593.pdf,
Lyonia truncata var proctorii,Plant,Endangered,No Change,2010-12-02,https://ecos.fws.gov/docs/five_year_review/doc3593.pdf,
Vernonia proctorii,Plant,Endangered,No Change,2010-12-02,https://ecos.fws.gov/docs/five_year_review/doc3593.pdf,
Yellow-shouldered blackbird,Bird,Endangered,No Change,2011-02-02,https://ecos.fws.gov/docs/five_year_review/doc3603.pdf,
Waccamaw silverside,Fish,Threatened,No Change,2011-02-07,https://ecos.fws.gov/docs/five_year_review/doc3604.pdf,
Louisiana pearlshell,Mussel,Threatened,No Change,2011-02-22,https://ecos.fws.gov/docs/five_year_review/doc3607.pdf,
Anthony's riversnail,Snail,Endangered,No Change,2011-03-11,https://ecos.fws.gov/docs/five_year_review/doc3619.pdf,
Guajón or Puerto Rican demon,Amphibian,Threatened,No Change,2011-04-20,https://ecos.fws.gov/docs/five_year_review/doc3624.pdf,
Catesbea melanocarpa,Plant,Endangered,No Change,2011-04-26,https://ecos.fws.gov/docs/five_year_review/doc3625.pdf,
Mitracarpus maxwelliae,Plant,Endangered,No Change,2011-04-27,https://ecos.fws.gov/docs/five_year_review/doc3626.pdf,*
Mitracarpus polycladus,Plant,Endangered,Downlist from Endangered to Threatened,2011-04-27,https://ecos.fws.gov/docs/five_year_review/doc3626.pdf,
Dwarf-flowered heartleaf,Plant,Threatened,No Change,2011-05-02,https://ecos.fws.gov/docs/five_year_review/doc3627.pdf,
Cumberland rosemary,Plant,Threatened,No Change,2011-06-06,https://ecos.fws.gov/docs/five_year_review/doc3629.pdf,
Oyster mussel,Mussel,Endangered,No Change,2011-07-12,https://ecos.fws.gov/docs/five_year_review/doc3774.pdf,
Gopher tortoise,Reptile,Threatened,,2011-07-27,https://www.gpo.gov/fdsys/pkg/FR-2011-07-27/pdf/FR-2011-07-27.pdf,
Cumberland monkeyface,Mussel,Endangered,No Change,2011-07-28,https://ecos.fws.gov/docs/five_year_review/doc3777.pdf,
Smooth coneflower,Plant,Endangered,Downlist from Endangered to Threatened,2011-08-02,https://ecos.fws.gov/docs/five_year_review/doc3778.pdf,*
Tubercled blossom,Mussel,Endangered,No Change,2011-08-12,https://ecos.fws.gov/docs/five_year_review/doc3781.pdf,
Ring pink,Mussel,Endangered,No Change,2011-08-18,https://ecos.fws.gov/docs/five_year_review/doc3787.pdf,
Birdwing pearlymussel,Mussel,Endangered,No Change,2011-08-19,https://ecos.fws.gov/docs/five_year_review/doc4351.pdf,
Cracking pearlymussel,Mussel,Endangered,No Change,2011-08-19,https://ecos.fws.gov/docs/five_year_review/doc4351.pdf,
Dromedary pearlymussel,Mussel,Endangered,No Change,2011-08-19,https://ecos.fws.gov/docs/five_year_review/doc4351.pdf,
Alabama lampmussel,Mussel,Endangered ,No Change,2011-08-28,https://ecos.fws.gov/docs/five_year_review/doc4033.pdf,
Vermilion darter,Fish,Endangered,No Change,2011-08-30,https://ecos.fws.gov/docs/five_year_review/doc3832.pdf,
Pale lilliput,Mussel,Endangered,No Change,2011-08-31,https://ecos.fws.gov/docs/five_year_review/doc3833.pdf,
Puerto Rican boa,Reptile,Endangered,No Change,2011-09-16,https://ecos.fws.gov/docs/five_year_review/doc3849.pdf,
Ozark cavefish,Fish,Threatened,No Change,2011-09-19,https://ecos.fws.gov/docs/five_year_review/doc3850.pdf,
Persistent trillium,Plant,Endangered,No Change,2011-10-16,https://ecos.fws.gov/docs/five_year_review/doc3953.pdf,
Springcreek bladderpod,Plant,Endangered,No Change,2011-10-19,https://ecos.fws.gov/docs/five_year_review/doc3901.pdf,
Pynes ground plum,Plant,Endangered,No Change,2011-10-21,https://ecos.fws.gov/docs/five_year_review/doc3882.pdf,
Puerto Rican plain pigeon,Bird,Endangered,No Change,2011-11-22,https://ecos.fws.gov/docs/five_year_review/doc3952.pdf,
Hairy rattleweed,Plant,Endangered,No Change,2011-12-01,https://ecos.fws.gov/docs/five_year_review/doc3955.pdf,
Royal marstonia,Snail,Endangered,No Change,2011-12-01,https://ecos.fws.gov/docs/five_year_review/doc3954.pdf,
Conasauga logperch,Fish,Endangered,No Change,2011-12-16,https://ecos.fws.gov/docs/five_year_review/doc3962.pdf,
Alabama Canebrake pitcher plant,Plant,Endangered,No Change,2012-01-02,https://ecos.fws.gov/docs/five_year_review/doc4368.pdf,
Smoky madtom,Fish,Endangered,No Change,2012-02-28,https://ecos.fws.gov/docs/five_year_review/doc4146.pdf,
Yellowfin madtom,Fish,Threatened,No Change,2012-02-28,https://ecos.fws.gov/docs/five_year_review/doc4146.pdf,
Blue Ridge goldenrod,Plant,Threatened,No Change,2012-03-29,https://ecos.fws.gov/docs/five_year_review/doc3983.pdf,*
Fat pocketbook mussel,Mussel,Endangered,No Change,2012-03-30,https://ecos.fws.gov/docs/five_year_review/doc3984.pdf,
Ruth's golden aster,Plant,Endangered,No Change,2012-04-19,https://ecos.fws.gov/docs/five_year_review/doc3987.pdf,
Bayou darter,Fish,Threatened,No Change,2012-05-09,https://ecos.fws.gov/docs/five_year_review/doc3989.pdf,
Carolina heelsplitter,Mussel,Endangered,No Change,2012-06-20,https://ecos.fws.gov/docs/five_year_review/doc3992.pdf,
Louisiana quillwort,Plant,Endangered,No Change,2012-06-20,https://ecos.fws.gov/docs/five_year_review/doc3996.pdf,
Duskytail darter,Fish,Endangered,No Change,2012-07-27,https://ecos.fws.gov/docs/five_year_review/doc4005.pdf,
Slender campeloma,Snail,Endangered,No Change,2012-08-07,https://ecos.fws.gov/docs/five_year_review/doc4031.pdf,
Hell Creek cave crayfish,Crustacean,Endangered,No Change,2012-08-15,https://ecos.fws.gov/docs/five_year_review/doc4024.pdf,
Puerto Rican nightjar,Bird,Endangered,No Change,2012-08-16,https://ecos.fws.gov/docs/five_year_review/doc4030.pdf,
Bariaco,Plant,Endangered,No Change,2012-08-21,https://ecos.fws.gov/docs/five_year_review/doc4032.pdf,
Mountain golden heather (Hudsonia Montana),Plant,Threatened,No Change,2013-01-14,https://ecos.fws.gov/docs/five_year_review/doc4127.pdf,
Snail darter,Fish,Threatened,No Change,2013-03-18,https://ecos.fws.gov/docs/five_year_review/doc4136.pdf,
Nogal or West Indian walnut,Plant,Endangered,No Change,2013-03-28,https://ecos.fws.gov/docs/five_year_review/doc4141.pdf,
Rock gnome lichen,Plant,Endangered,No Change,2013-03-28,https://ecos.fws.gov/docs/five_year_review/doc4142.pdf,
Vahl's boxwood,Plant,Endangered,No Change,2013-04-19,https://ecos.fws.gov/docs/five_year_review/doc4145.pdf,
Gesneria pauciflora,Plant,Threatened,No Change,2013-04-24,https://ecos.fws.gov/docs/five_year_review/doc4147.pdf,
White irisette,Plant,Endangered,No Change,2013-05-03,https://ecos.fws.gov/docs/five_year_review/doc4148.pdf,
Red Hills salamander,Amphibian,Threatened,No Change,2013-05-06,https://ecos.fws.gov/docs/five_year_review/doc4149.pdf,
Benton County cave crayfish,Crustacean,Endangered,No Change,2013-05-10,https://ecos.fws.gov/docs/five_year_review/doc4153.pdf,
Mountain sweet pitcher plant,Plant,Endangered,No Change,2013-05-21,https://ecos.fws.gov/docs/five_year_review/doc4156.pdf,
Hawksbill sea turtle,Reptile,Endangered,No Change,2013-05-28,https://ecos.fws.gov/docs/five_year_review/doc4168.pdf,
Carolina northern flying squirrel,Mammal,Endangered,No Change,2013-06-28,https://ecos.fws.gov/docs/five_year_review/doc4177.pdf,
Daphnospsis helleriana,Plant,Endangered,No Change,2013-07-19,https://ecos.fws.gov/docs/five_year_review/doc4171.pdf,
Heller's blazing star,Plant,Threatened,No Change,2013-08-03,https://ecos.fws.gov/docs/five_year_review/doc4175.pdf,
Spreading avens,Plant,Endangered,No Change,2013-08-03,https://ecos.fws.gov/docs/five_year_review/doc4343.pdf,
Cook's holly,Plant,Endangered,No Change,2013-08-06,https://ecos.fws.gov/docs/five_year_review/doc4176.pdf,
Relict darter,Fish,Endangered,No Change,2013-08-09,https://ecos.fws.gov/docs/five_year_review/doc4178.pdf,
St. Croix ground lizard,Amphibian,Endangered,No Change,2013-08-21,https://ecos.fws.gov/docs/five_year_review/doc4247.pdf,
St. Croix ground lizard,Reptile,Endangered,No Change,2013-08-21,https://ecos.fws.gov/docs/five_year_review/doc4247.pdf,
Goetzea elegans (Beautiful goetzea),Plant,Endangered,No Change,2013-08-29,https://ecos.fws.gov/docs/five_year_review/doc4257.pdf,
Elfin tree fern,Plant,Endangered,No Change,2013-09-01,https://ecos.fws.gov/docs/five_year_review/doc4342.pdf,
Calyptranthes thomasiana,Plant,Endangered,No Change,2013-09-22,https://ecos.fws.gov/docs/five_year_review/doc4273.pdf,
Thomas lidflower,Plant,Endangered,No Change,2013-09-22,https://ecos.fws.gov/docs/five_year_review/doc4273.pdf,
Tan riffleshell,Mussel,Endangered,No Change,2013-09-26,https://ecos.fws.gov/docs/five_year_review/doc4275.pdf,
Golden coqui,Amphibian,Threatened,No Change,2013-09-30,https://ecos.fws.gov/docs/five_year_review/doc4276.pdf,
Finerayed pigtoe,Mussel,Endangered,No Change,2013-10-23,https://ecos.fws.gov/docs/five_year_review/doc4298.pdf,
Shiny pigtoe,Mussel,Endangered,No Change,2013-10-23,https://ecos.fws.gov/docs/five_year_review/doc4297.pdf,
Interior least tern,Bird,Endangered,Remove from Endangered Species List,2013-10-24,https://ecos.fws.gov/docs/five_year_review/doc4294.pdf,
Noonday globe,Snail,Threatened,No Change,2013-10-28,https://ecos.fws.gov/docs/five_year_review/doc4295.pdf,
Cahow or Bermuda petrel,Bird,Endangered,No Change,2013-10-30,https://ecos.fws.gov/docs/five_year_review/doc4326.pdf,
Purple bean,Mussel,Endangered,No Change,2013-10-30,https://ecos.fws.gov/docs/five_year_review/doc5665.pdf,
Littlewing pearlymussel,Mussel,Endangered,No Change,2013-11-01,https://ecos.fws.gov/docs/five_year_review/doc4299.pdf,
Leatherback sea turtle,Reptile,Endangered,No Change,2013-11-15,https://ecos.fws.gov/docs/five_year_review/doc4313.pdf,
Arkansas fatmucket,Mussel,Threatened,Uplist from Threatened to Endangered,2013-12-12,https://ecos.fws.gov/docs/five_year_review/doc4327.pdf,
Cumberland sandwort,Plant,Endangered,Downlist from Endangered to Threatened,2013-12-23,https://ecos.fws.gov/docs/five_year_review/doc4329.pdf,
Saint Francis’ satyr,Insect,Endangered,No Change,2013-12-26,https://ecos.fws.gov/docs/five_year_review/doc4330.pdf,
Bluemask darter,Fish,Endangered,No Change,2013-12-27,https://ecos.fws.gov/docs/five_year_review/doc4369.pdf,
Palo de Ramón,Plant,Endangered,No Change,2014-01-10,https://ecos.fws.gov/docs/five_year_review/doc4332.pdf,
Culebra Island giant anole,Reptile,Endangered,No Change,2014-01-14,https://ecos.fws.gov/docs/five_year_review/doc4331.pdf,
Louisiana black bear,Mammal,Threatened,No Change,2014-02-18,https://ecos.fws.gov/docs/five_year_review/doc4348.pdf,
Pondberry,Plant,Endangered,No Change,2014-03-05,https://ecos.fws.gov/docs/five_year_review/doc4358.pdf,
Peperomia wheeleri ,Plant,Endangered,No Change,2014-03-12,https://ecos.fws.gov/docs/five_year_review/doc4359.pdf,
Tennessee yellow-eyed grass,Plant,Endangered,No Change,2014-03-12,https://ecos.fws.gov/docs/five_year_review/doc4360.pdf,
Slender chub,Fish,Threatened,No Change,2014-03-14,https://ecos.fws.gov/docs/five_year_review/doc4357.pdf,
Bunched arrowhead,Plant,Endangered,No Change,2014-03-24,https://ecos.fws.gov/docs/five_year_review/doc4362.pdf,
Alabama streak o sorus fern,Plant,Threatened,No Change,2014-03-31,https://ecos.fws.gov/docs/five_year_review/doc4363.pdf,
Green pitcher plant,Plant,Endangered,No Change,2014-04-01,https://ecos.fws.gov/docs/five_year_review/doc4366.pdf,
Kral's water plantain,Plant,Threatened,No Change,2014-04-29,https://ecos.fws.gov/docs/five_year_review/doc4367.pdf,
Palezone shiner,Fish,Endangered,No Change,2014-05-30,https://ecos.fws.gov/docs/five_year_review/doc4374.pdf,
Olive Ridley sea turtle,Reptile,Endangered & Threatened,Downlist from Endangered to Threatened; no change in Threatened populations,2014-06-18,https://ecos.fws.gov/docs/five_year_review/doc5824.pdf,
Chupacallos,Plant,Endangered,No Change,2014-06-29,https://ecos.fws.gov/docs/five_year_review/doc4472.pdf,
Uvillo,Plant,Endangered ,No Change,2014-06-29,https://ecos.fws.gov/docs/five_year_review/doc4473.pdf,
Palo de Nigua,Plant,Endangered,No Change,2014-07-15,https://ecos.fws.gov/docs/five_year_review/doc4471.pdf,
Flattened musk turtle,Reptile,Threatened,No Change,2014-07-17,https://ecos.fws.gov/docs/five_year_review/doc4441.pdf,
Rough pigtoe,Mussel,Endangered,No Change,2014-09-01,https://ecos.fws.gov/docs/five_year_review/doc4439.pdf,
Michaux's sumac,Plant,Endangered,No Change,2014-09-01,https://ecos.fws.gov/docs/five_year_review/doc4440.pdf,
Tar River spinymussel,Mussel,Endangered,No Change,2014-09-10,https://ecos.fws.gov/docs/five_year_review/doc4468.pdf,
Blue shiner,Fish,Threatened,No Change,2014-10-14,https://ecos.fws.gov/docs/five_year_review/doc4467.pdf,
Amber darter,Fish,Endangered,No Change,2014-10-21,https://ecos.fws.gov/docs/five_year_review/doc4469.pdf,
Cherokee darter,Fish,Threatened,No Change,2014-10-21,https://ecos.fws.gov/docs/five_year_review/doc4469.pdf,
Etowah darter,Fish,Endangered,No Change,2014-10-21,https://ecos.fws.gov/docs/five_year_review/doc4469.pdf,
Cobana negra,Plant,Threatened,No Change,2014-10-29,https://ecos.fws.gov/docs/five_year_review/doc4448.pdf,
Rough-leaved loosestrife,Plant,Endangered,No Change,2014-11-16,https://ecos.fws.gov/docs/five_year_review/doc4450.pdf,
Mona boa,Reptile,Threatened,No Change,2014-11-16,https://ecos.fws.gov/docs/five_year_review/doc4449.pdf,
Spruce-fir moss spider,Insect,Endangered,No Change,2014-12-02,https://ecos.fws.gov/docs/five_year_review/doc4462.pdf,
Perdido Key beach mouse,Mammal,Endangered,No Change,2014-12-05,https://ecos.fws.gov/docs/five_year_review/doc4482.pdf,
Chamaecrista glandulosa var mirabilis,Plant,Endangered,No Change,2015-01-07,https://ecos.fws.gov/docs/five_year_review/doc4476.pdf,
Large-flowered skullcap,Plant,Endangered,No Change,2015-01-08,https://ecos.fws.gov/docs/five_year_review/doc4475.pdf,
Leptocereus grantianus,Plant,Endangered,No Change,2015-01-19,https://ecos.fws.gov/docs/five_year_review/doc4480.pdf,
Relict trillium,Plant,Endangered,No Change,2015-01-19,https://ecos.fws.gov/docs/five_year_review/doc4479.pdf,
Telephus spurge,Plant,Threatened,No Change,2015-01-22,https://ecos.fws.gov/docs/five_year_review/doc4483.pdf,
Mona iguana,Reptile,Threatened,No Change,2015-03-04,https://ecos.fws.gov/ecp0/profile/speciesProfile?spcode=C01R,
Fringed campion,Plant,Endangered,No Change,2015-03-15,https://ecos.fws.gov/docs/five_year_review/doc4506.pdf,
Speckled pocketbook,Mussel,Endangered,No Change,2015-03-17,https://ecos.fws.gov/docs/five_year_review/doc4505.pdf,
Bachman's warbler,Bird,Endangered,No Change,2015-05-06,https://ecos.fws.gov/docs/five_year_review/doc4548.pdf,
Goldline darter,Fish,Threatened,No Change,2015-05-12,https://ecos.fws.gov/docs/five_year_review/doc4526.pdf,
Thelypteris inabonensis,Plant,Endangered,No Change,2015-05-18,https://ecos.fws.gov/docs/five_year_review/doc4514.pdf,
Thelypteris verecunda,Plant,Endangered,No Change,2015-05-18,https://ecos.fws.gov/docs/five_year_review/doc4515.pdf,
Thelypteris yaucoensis,Plant,Endangered,No Change,2015-05-18,https://ecos.fws.gov/docs/five_year_review/doc4516.pdf,
Leavy prairie clover,Plant,Endangered,No Change,2015-06-04,https://ecos.fws.gov/docs/five_year_review/doc4522.pdf,
Miccosukee gooseberry,Plant,Threatened,No Change,2015-06-17,https://ecos.fws.gov/docs/five_year_review/doc4534.doc,
Alabama red-bellied turtle,Reptile,Endangered,No Change,2015-07-12,https://ecos.fws.gov/docs/five_year_review/doc4529.pdf,
Cumberland elktoe,Mussel,Endangered,No Change,2015-07-16,https://ecos.fws.gov/docs/five_year_review/doc4783.pdf,
Kemp's Ridley sea turtle,Reptile,Endangered,No Change,2015-07-24,https://ecos.fws.gov/docs/five_year_review/doc4585.pdf,
Canby's dropwort,Plant,Endangered,No Change,2015-07-28,https://ecos.fws.gov/docs/five_year_review/doc4547.pdf,
Reticulated flatwoods salamander,Amphibian,Endangered,No Change,2015-08-05,https://ecos.fws.gov/docs/five_year_review/doc4617.pdf,
White necked crow,Bird,Endangered,No Change,2015-08-24,https://ecos.fws.gov/docs/five_year_review/doc4592.pdf,
Cumberland pigtoe,Mussel,Endangered,No Change,2015-08-24,https://ecos.fws.gov/docs/five_year_review/doc4594.pdf,
Golden sedge,Plant,Endangered,No Change,2015-08-24,https://ecos.fws.gov/docs/five_year_review/doc4595.pdf,
Lepanthes eltorensis,Plant,Endangered,No Change,2015-08-24,https://ecos.fws.gov/docs/five_year_review/doc4593.pdf,
St. Thomas prickly ash,Plant,Endangered,No Change,2015-08-28,https://ecos.fws.gov/docs/five_year_review/doc4607.pdf,
White-haired goldenrod,Plant,Threatened,Remove from Endangered Species List,2015-09-01,https://www.govinfo.gov/link/fr/80/52717?link-type=pdf,
Black clubshell,Mussel,Endangered,No Change,2015-09-08,https://ecos.fws.gov/docs/five_year_review/doc4642.pdf,
Flat pigtoe,Mussel,Endangered,Remove from Endangered Species List,2015-09-08,https://ecos.fws.gov/docs/five_year_review/doc4643.pdf,
Heavy pigtoe,Mussel,Endangered,No Change,2015-09-08,https://ecos.fws.gov/docs/five_year_review/doc4644.pdf,
Southern combshell,Mussel,Endangered,No Change,2015-09-08,https://ecos.fws.gov/docs/five_year_review/doc4645.pdf,
Stirrupshell,Mussel,Endangered,Remove from Endangered Species List,2015-09-08,https://ecos.fws.gov/docs/five_year_review/doc4646.pdf,
Capa rosa,Plant,Endangered,No Change,2015-09-08,https://ecos.fws.gov/docs/five_year_review/doc4610.pdf,
Ilex sintensisii,Plant,Endangered,No Change,2015-09-08,https://ecos.fws.gov/docs/five_year_review/doc4611.pdf,
Palo colorado,Plant,Endangered,No Change,2015-09-08,https://ecos.fws.gov/docs/five_year_review/doc4612.pdf,
Palo de jazmin,Plant,Endangered,No Change,2015-09-08,https://ecos.fws.gov/docs/five_year_review/doc4471.pdf,
Ternostroema subsessilis,Plant,Endangered,No Change,2015-09-08,https://ecos.fws.gov/docs/five_year_review/doc4614.pdf,
Dusky gopher frog,Amphibian,Endangered,No Change,2015-09-09,https://ecos.fws.gov/docs/five_year_review/doc4615.pdf,
Blackside dace,Fish,Threatened,No Change,2015-09-16,https://ecos.fws.gov/docs/five_year_review/doc4641.pdf,
Erubia,Plant ,Endangered,No Change,2015-10-30,https://ecos.fws.gov/docs/five_year_review/doc4652.pdf,
Alabama cave shrimp,Crustacean,Endangered,No Change,2016-01-11,https://ecos.fws.gov/docs/five_year_review/doc4793.pdf,
Harper's beauty,Plant,Endangered,No Change,2016-02-23,https://ecos.fws.gov/docs/five_year_review/doc4762.pdf,
Palma de manaca,Plant,Threatened,No Change,2016-05-24,https://ecos.fws.gov/docs/five_year_review/doc4784.pdf,
Myrcia paganii,Plant,Endangered,No Change,2016-06-16,https://ecos.fws.gov/docs/five_year_review/doc4786.pdf,
Puerto Rican crested toad,Amphibian,Threatened,No Change,2016-06-21,https://ecos.fws.gov/docs/five_year_review/doc4788.pdf,
Cranichis ricartii,Plant,Endangered,No Change,2016-06-21,https://ecos.fws.gov/docs/five_year_review/doc4813.pdf,
Cahaba shiner,Fish,Endangered,No Change,2016-06-29,https://ecos.fws.gov/docs/five_year_review/doc4792.pdf,
Cylindrical lioplax,Snail,Endangered,No Change,2016-07-08,https://ecos.fws.gov/docs/five_year_review/doc4794.pdf,
Flat pebblesnail,Snail,Endangered,No Change,2016-07-08,https://ecos.fws.gov/docs/five_year_review/doc4795.pdf,
Lacy elimia,Snail,Threatened,No Change,2016-07-08,https://ecos.fws.gov/docs/five_year_review/doc4799.pdf,
Painted rocksnail,Snail,Threatened,No Change,2016-07-08,https://ecos.fws.gov/docs/five_year_review/doc4797.pdf,
Plicate rocksnail,Snail,Endangered,No Change,2016-07-08,https://ecos.fws.gov/docs/five_year_review/doc4796.pdf,
Round rocksnail,Snail,Threatened,No Change,2016-07-08,https://ecos.fws.gov/docs/five_year_review/doc4798.pdf,
Schoepfia arenaria,Plant,Threatened,No Change,2016-07-18,https://ecos.fws.gov/docs/five_year_review/doc4800.pdf,
Geocarpon minimum,Plant,Threatened,No Change,2016-07-20,https://ecos.fws.gov/docs/five_year_review/doc4802.pdf,
Mohr's barbaras button,Plant,Threatened,No Change,2016-07-21,https://ecos.fws.gov/docs/five_year_review/doc4801.pdf,
Squirrel Chimney cave shrimp,Crustacean,Threatened,No Change,2016-07-28,https://ecos.fws.gov/docs/five_year_review/doc5095.pdf,
Painted snake coiled forest snail,Snail,Threatened,No Change,2016-07-29,https://ecos.fws.gov/docs/five_year_review/doc4803.pdf,
Monito gecko,Reptile,Endangered,Remove from Endangered Species List,2016-08-08,https://ecos.fws.gov/docs/five_year_review/doc4812.pdf,
Kentucky cave shrimp,Crustacean,Endangered,No Change,2016-08-29,https://ecos.fws.gov/docs/five_year_review/doc5832.pdf,
White wartyback,Mussel,Endangered,No Change,2016-09-09,https://ecos.fws.gov/docs/five_year_review/doc4830.pdf,
Small-anthered bittercress,Plant,Endangered,No Change,2016-11-25,https://ecos.fws.gov/docs/five_year_review/doc4832.pdf,
Scrub lupine,Plant,Endangered,No Change,2016-11-30,https://ecos.fws.gov/docs/five_year_review/doc4839.pdf,
Nashville crayfish,Crustacean,Endangered,Downlist from Endangered to Threatened,2017-02-07,https://ecos.fws.gov/docs/five_year_review/doc4988.pdf,
No common name (Eugenia woodburyana),Plant,Endangered,Downlist from Endangered to Threatened,2017-05-07,https://ecos.fws.gov/docs/five_year_review/doc5121.pdf,
No common name (Cordia bellonis),Plant,Endangered,Downlist from Endangered to Threatened,2017-06-13,https://ecos.fws.gov/docs/five_year_review/doc5161.pdf,
No common name (Crescentia portoricensis),Plant,Endangered,No Change,2017-06-16,https://ecos.fws.gov/docs/five_year_review/doc5155.pdf,
Auerodendron pauciflorum,Plant,Endangered,No Change,2017-07-13,https://ecos.fws.gov/docs/five_year_review/doc5220.pdf,
Roan Mountain bluet,Plant,Endangered,No Change,2017-07-17,https://ecos.fws.gov/docs/five_year_review/doc5587.pdf,
No common name (Elaphoglossum serpens),Plant,Endangered,No Change,2017-07-27,https://ecos.fws.gov/docs/five_year_review/doc5175.pdf,
No common name (Polystichum calderonense),Plant,Endangered,No Change,2017-07-27,https://ecos.fws.gov/docs/five_year_review/doc5176.pdf,
No common name (Tectaria estremerana),Plant,Endangered,No Change,2017-07-27,https://ecos.fws.gov/docs/five_year_review/doc5177.pdf,
Puerto Rican parrot,Bird,Endangered,No Change,2017-08-01,https://ecos.fws.gov/docs/five_year_review/doc5215.pdf,
Alabama leather flower,Plant,Endangered,No Change,2017-08-01,https://ecos.fws.gov/docs/five_year_review/doc5165.pdf,
Guajón or Puerto Rican demon,Amphibian,Threatened,No Change,2017-08-01,https://ecos.fws.gov/docs/five_year_review/doc5216.pdf,
Palo de rosa,Plant,Endangered,Downlist from Endangered to Threatened,2017-08-09,https://ecos.fws.gov/docs/five_year_review/doc5174.pdf,
Wide-leaf warea,Plant,Endangered,No Change,2017-08-18,https://ecos.fws.gov/docs/five_year_review/doc5410.pdf,
Alabama cavefish,Crustacean,Endangered,No Change,2017-08-21,https://ecos.fws.gov/docs/five_year_review/doc5217.pdf,
Cape Fear shiner,Fish,Endangered,No Change,2017-08-21,https://ecos.fws.gov/docs/five_year_review/doc5218.pdf,
Appalachian elktoe,Mussel,Endangered,No Change,2017-08-28,https://ecos.fws.gov/docs/five_year_review/doc5214.pdf,
Apalachicola rosemary,Plant,Endangered,No Change,2017-09-28,https://ecos.fws.gov/docs/five_year_review/doc5411.pdf,
Louisiana pearlshell,Mussel,Threatened,No Change,2017-09-29,https://ecos.fws.gov/docs/five_year_review/doc5589.pdf,
Boulder darter,Fish,Endangered,No Change,2017-10-04,https://ecos.fws.gov/docs/five_year_review/doc5653.pdf,
Green-blossom pearly mussel,Mussel,Endangered,Remove from Endangered Species List,2017-10-13,https://ecos.fws.gov/docs/five_year_review/doc5657.pdf,
Tubercled-blossom pearly mussel,Mussel,Endangered,Remove from Endangered Species List,2017-10-13,https://ecos.fws.gov/docs/five_year_review/doc5657.pdf,
Turgid-blossom pearly mussel,Mussel,Endangered,Remove from Endangered Species List,2017-10-13,https://ecos.fws.gov/docs/five_year_review/doc5657.pdf,
Yellow-blossom pearly mussel,Mussel,Endangered,Remove from Endangered Species List,2017-10-13,https://ecos.fws.gov/docs/five_year_review/doc5657.pdf,
Shorts goldenrod,Plant,Endangered,No Change,2017-10-23,https://ecos.fws.gov/docs/five_year_review/doc5633.pdf,
Florida bonamia,Plant,Threatened,No Change,2017-12-21,https://ecos.fws.gov/docs/five_year_review/doc5683.pdf,
Scrub plum,Plant,Endangered,No Change,2017-12-21,https://ecos.fws.gov/docs/five_year_review/doc5682.pdf,
Puerto Rican nightjar,Bird,Endangered,No Change,2017-12-22,https://ecos.fws.gov/docs/five_year_review/doc5668.pdf,
Rugel's pawpaw,Plant,Endangered,No Change,2018-01-18,https://ecos.fws.gov/docs/five_year_review/doc5671.pdf,
Higo chumbo,Plant,Threatened,No Change,2018-02-06,https://ecos.fws.gov/docs/five_year_review/doc5686.pdf,
Anthony’s riversnail,Crustacean,Endangered,No Change,2018-02-18,https://ecos.fws.gov/docs/five_year_review/doc5689.pdf,
Key Largo woodrat,Mammal,Endangered,No Change,2018-03-21,https://ecos.fws.gov/docs/five_year_review/doc5695.pdf,
Orangefoot pimpleback,Mussel,Endangered,No Change,2018-03-28,https://ecos.fws.gov/docs/five_year_review/doc5700.pdf,
Mitracarpus maxwelliae,Plant,Endangered,No Change,2018-04-04,https://ecos.fws.gov/docs/five_year_review/doc5843.pdf,
Godfrey’s butterwort,Plant,Threatened,No Change,2018-04-09,https://ecos.fws.gov/docs/five_year_review/doc5702.pdf,
Red wolf,Mammal,Endangered,No Change,2018-04-23,https://ecos.fws.gov/docs/five_year_review/doc5714.pdf,
Yellow-blotched map turtle,Amphibian,Threatened,No Change,2018-04-25,https://ecos.fws.gov/docs/five_year_review/doc5716.pdf,
Seabeach amaranth,Plant,Threatened,No Change,2018-06-04,https://ecos.fws.gov/docs/five_year_review/doc5767.pdf,
Longspurred mint,Plant,Endangered,No Change,2018-06-05,https://ecos.fws.gov/docs/five_year_review/doc5757.pdf,
Cumberland rosemary,Plant,Threatened,No Change,2018-07-13,https://ecos.fws.gov/docs/five_year_review/doc5803.pdf,
Alabama canebrake pitcher-plant,Plant,Endangered,No Change,2018-07-23,https://ecos.fws.gov/docs/five_year_review/doc5782.pdf,
Inflated heelsplitter,Mussel,Threatened,No Change,2018-09-05,https://ecos.fws.gov/docs/five_year_review/doc5817.pdf,
Puerto Rican sharp-shinned hawk,Bird,Endangered,No Change,2018-09-07,https://ecos.fws.gov/docs/five_year_review/doc5822.pdf,
Ruth's golden aster,Plant,Endangered,No Change,2018-09-19,https://ecos.fws.gov/docs/five_year_review/doc5845.pdf,
Gentian pinkroot,Plant,Endangered,No Change,2018-09-23,https://ecos.fws.gov/docs/five_year_review/doc5835.pdf,
Mitracarpus polycladus,Plant,Endangered,Downlist from Endangered to Threatened,2018-09-25,https://ecos.fws.gov/docs/five_year_review/doc5842.pdf,
Catesbaea melanocarpa,Plant,Endangered,No Change,2018-09-25,https://ecos.fws.gov/docs/five_year_review/doc5844.pdf,
Yellow-shouldered blackbird,Bird,Endangered,No Change,2018-09-25,https://ecos.fws.gov/docs/five_year_review/doc5841.pdf,
Morefield’s leather flower,Plant,Endangered,No Change,2018-10-15,https://ecos.fws.gov/docs/five_year_review/doc5928.pdf,
Cumberland darter,Fish,Endangered,No Change,2018-11-05,https://ecos.fws.gov/docs/five_year_review/doc5926.pdf,
Oyster mussel,Mussel,Endangered,No Change,2019-03-12,https://ecos.fws.gov/docs/five_year_review/doc5972.pdf,
Alabama beach mouse,Mammal,Endangered,No Change,2019-03-22,https://ecos.fws.gov/docs/five_year_review/doc5974.pdf,
Puerto Rican pigeon,Bird,Endangered,No Change,2019-05-16,https://ecos.fws.gov/docs/five_year_review/doc6016.pdf,
Blue Ridge goldenrod,Plant,Threatened,No Change,2019-05-20,https://ecos.fws.gov/docs/five_year_review/doc6072.pdf,
Carolina heelsplitter,Mussel,Endangered,No Change,2019-05-21,https://ecos.fws.gov/docs/five_year_review/doc6017.pdf,
West Indian walnut,Plant,Endangered,No Change,2019-05-22,https://ecos.fws.gov/docs/five_year_review/doc6024.pdf,
Calyptranthes thomasiana,Plant,Endangered,No Change,2019-05-22,https://ecos.fws.gov/docs/five_year_review/doc6025.pdf,
Vahl's boxwood,Plant,Endangered,No Change,2019-05-22,https://ecos.fws.gov/docs/five_year_review/doc6022.pdf,
Ivory-billed woodpecker,Bird,Delist based on extinction,No Change,2019-06-03,https://ecos.fws.gov/docs/five_year_review/doc6021.pdf,
Aristida chaseae,Plant,Endangered,No Change,2019-06-10,https://ecos.fws.gov/docs/five_year_review/doc6033.pdf,
Pelos del diablo,Plant,Endangered,No Change,2019-06-10,https://ecos.fws.gov/docs/five_year_review/doc6033.pdf,
Lyonia truncata var. proctorii,Plant,Endangered,No Change,2019-06-10,https://ecos.fws.gov/docs/five_year_review/doc6033.pdf,
Vernonia proctorii,Plant,Endangered,No Change,2019-06-10,https://ecos.fws.gov/docs/five_year_review/doc6033.pdf,
Benton County cave crayfish,Crayfish,Endangered,No Change,2019-06-20,https://ecos.fws.gov/docs/five_year_review/doc6036.pdf,
Cook's holly,Plant,Endangered,No Change,2019-06-21,https://ecos.fws.gov/docs/five_year_review/doc6038.pdf,
Anastasia Island beach mouse,Mammal,Endangered,No Change,2019-06-24,https://ecos.fws.gov/docs/five_year_review/doc6039.pdf,
American chaffseed,Plant,Endangered,No Change,2019-06-27,https://ecos.fws.gov/docs/five_year_review/doc6041.pdf,
Spotfin chub,Fish,Threatened,No Change,2019-06-27,https://ecos.fws.gov/docs/five_year_review/doc6040.pdf,
Daphnopsis hellerana,Plant,Endangered,No Change,2019-07-01,https://ecos.fws.gov/docs/five_year_review/doc6107.pdf,
Fanshell,Mussel,Endangered,No Change,2019-07-08,https://ecos.fws.gov/docs/five_year_review/doc6042.pdf,
Brooksville bellflower,Plant,Endangered,No Change,2019-07-22,https://ecos.fws.gov/docs/five_year_review/doc6064.pdf,
Pink mucket,Mussel,Endangered,No Change,2019-07-23,https://ecos.fws.gov/docs/five_year_review/doc6065.pdf,
Elfin tree fern,Plant,Endangered,No Change,2019-07-25,https://ecos.fws.gov/docs/five_year_review/doc6071.pdf,
Yellowcheek darter,Fish,Endangered,No Change,2019-07-29,https://ecos.fws.gov/docs/five_year_review/doc6068.pdf,
White irisette,Plant,Endangered,No Change,2019-07-29,https://ecos.fws.gov/docs/five_year_review/doc6085.pdf,
Louisiana quillwort,Plant,Endangered,No Change,2019-08-01,https://ecos.fws.gov/docs/five_year_review/doc6091.pdf,
Vermilion darter,Fish,Endangered,No Change,2019-08-01,https://ecos.fws.gov/docs/five_year_review/doc6203.pdf,
Coqui llanero,Amphibian,Endangered,No Change,2019-08-02,https://ecos.fws.gov/docs/five_year_review/doc6086.pdf,
Chucky madtom,Fish,Endangered,No Change,2019-08-15,https://ecos.fws.gov/docs/five_year_review/doc6098.pdf,
Chucky madtom,Fish,Endangered,No Change,2019-08-15,https://ecos.fws.gov/docs/five_year_review/doc6098.pdf,
Bermuda petrel or cahow,Bird,Endangered,No Change,2019-08-20,https://ecos.fws.gov/docs/five_year_review/doc6104.pdf,
Cooley's water-willow,Plant,Endangered,No Change,2019-08-23,https://ecos.fws.gov/docs/five_year_review/doc6108.pdf,
Britton's beargrass,Plant,Endangered,No Change,2019-08-26,https://ecos.fws.gov/docs/five_year_review/doc6167.pdf,
Mississippi sandhill crane,Bird,Endangered,No Change,2019-08-30,https://ecos.fws.gov/docs/five_year_review/doc6122.pdf,
Hairy rattleweed,Plant,Endangered,No Change,2019-08-30,https://ecos.fws.gov/docs/five_year_review/doc6125.pdf,
Eastern indigo snake,Reptile,Threatened,No Change,2019-08-30,https://ecos.fws.gov/docs/five_year_review/doc6126.pdf,
Relict darter,Fish,Endangered,Downlist from Endangered to Threatened,2019-08-30,https://ecos.fws.gov/docs/five_year_review/doc6124.pdf,
Chapman’s Rhododendron,Plant,Endangered,No Change,2019-09-03,https://ecos.fws.gov/docs/five_year_review/doc6148.pdf,
Florida skullcap,Plant,Threatened,No Change,2019-09-05,https://ecos.fws.gov/docs/five_year_review/doc6152.pdf,
Beautiful goetzea,Plant,Endangered,No Change,2019-09-09,https://ecos.fws.gov/docs/five_year_review/doc6157.pdf,
Gesneria pauciflora,Plant,Threatened,No Change,2019-09-11,https://ecos.fws.gov/docs/five_year_review/doc6165.pdf,
Little amphianthus,Plant,Threatened,No Change,2019-09-11,https://ecos.fws.gov/docs/five_year_review/doc6193.pdf,
Frosted flatwoods salamander,Amphibian,Threatened,Uplist from Threatened to Endangered,2019-09-13,https://ecos.fws.gov/docs/five_year_review/doc6176.pdf,
St. Croix ground lizard,Reptile,Endangered,No Change,2019-09-16,https://ecos.fws.gov/docs/five_year_review/doc6202.pdf,
Puerto Rican broad-winged hawk,Bird,Endangered,No Change,2019-09-19,https://ecos.fws.gov/docs/five_year_review/doc6190.pdf,
Spring Creek bladderpod,Plant,Endangered,No Change,2019-09-23,https://ecos.fws.gov/docs/five_year_review/doc6192.pdf,
Mountain golden heather,Plant,Threatened,No Change,2019-09-24,https://ecos.fws.gov/docs/five_year_review/doc6204.pdf,
Lyrate bladderpod,Plant,Threatened,No Change,2019-09-26,https://ecos.fws.gov/docs/five_year_review/doc6436.pdf,
Ring pink,Mussel,Endangered,No Change,2019-09-27,https://ecos.fws.gov/docs/five_year_review/doc6241.pdf,
Florida salt marsh vole,Mammal,Endangered,No Change,2019-09-30,https://ecos.fws.gov/docs/five_year_review/doc6277.pdf,
Atlantic salt marsh snake,Reptile,Threatened,No Change,2019-09-30,https://ecos.fws.gov/docs/five_year_review/doc6279.pdf,
Etonia rosemary,Plant,Endangered,Downlist from Endangered to Threatened,2019-09-30,https://ecos.fws.gov/docs/five_year_review/doc6280.pdf,
Southeastern beach mouse,Mammal,Threatened,No Change,2019-10-11,https://ecos.fws.gov/docs/five_year_review/doc6284.pdf,
Rush darter,Fish,Endangered,No Change,2019-10-21,https://ecos.fws.gov/docs/five_year_review/doc6287.pdf,
Cumberland combshell,Mussel,Endangered,No Change,2019-11-05,https://ecos.fws.gov/docs/five_year_review/doc6288.pdf,
Choctawhatchee beach mouse,Mammal,Endangered,No Change,2019-11-15,https://ecos.fws.gov/docs/five_year_review/doc6290.pdf,
Cracking pearlymussel,Mussel,Endangered,No Change,2019-12-05,https://ecos.fws.gov/docs/five_year_review/doc6300.pdf,
Schweinitz’s sunflower,Plant,Endangered,No Change,2019-12-17,https://ecos.fws.gov/docs/five_year_review/doc6311.pdf,
St. Andrew's beach mouse,Mammal,Endangered,No Change,2019-12-20,https://ecos.fws.gov/docs/five_year_review/doc6315.pdf,
Fat pocketbook pearly mussel,Mussel,Endangered,Remove from Endangered Species List,2019-12-26,https://ecos.fws.gov/docs/five_year_review/doc6318.pdf,
Littlewing pearlymussel,Mussel,Endangered,No Change,2020-01-08,https://ecos.fws.gov/docs/five_year_review/doc6319.pdf,
Ringed map turtle,Amphibian,Threatened,No Change,2020-01-10,https://ecos.fws.gov/docs/five_year_review/doc6324.pdf,
Noonday globe,Snail,Threatened,No Change,2020-01-31,https://ecos.fws.gov/docs/five_year_review/doc6344.pdf,
Slender campeloma,Snail,Endangered,No Change,2020-02-05,https://ecos.fws.gov/docs/five_year_review/doc6346.pdf,
Palo de nigua,Plant,Endangered,No Change,2020-03-09,https://ecos.fws.gov/docs/five_year_review/doc6384.pdf,
Cumberland bean (pearlymussel),Mussel,Endangered,No Change,2020-03-09,https://ecos.fws.gov/docs/five_year_review/doc6374.pdf,
Palo de ramon,Plant,Endangered,No Change,2020-03-10,https://ecos.fws.gov/docs/five_year_review/doc6393.pdf,
Spreading avens,Plant,Endangered,No Change,2020-03-17,https://ecos.fws.gov/docs/five_year_review/doc6381.pdf,
Interrupted (=Georgia) Rocksnail,Snail,Endangered,No Change,2020-03-24,https://ecos.fws.gov/docs/five_year_review/doc6377.pdf,
Royal marstonia,Snail,Endangered,No Change,2020-03-30,https://ecos.fws.gov/docs/five_year_review/doc6380.pdf,
Cooley's meadowrue,Plant,Endangered,No Change,2020-04-13,https://ecos.fws.gov/docs/five_year_review/doc6385.pdf,
Armored snail,Snail,Endangered,No Change,2020-04-23,https://ecos.fws.gov/docs/five_year_review/doc6516.pdf,
Alabama lampmussel,Mussel,Endangered,No Change,2020-04-23,https://ecos.fws.gov/docs/five_year_review/doc6515.pdf,
Cumberland sandwort,Plant,Endangered,Remove from Endangered Species List,2020-04-27,https://www.govinfo.gov/link/fr/85/23302?link-type=pdf,
Birdwing pearlymussel,Mussel,Endangered,No Change,2020-04-29,https://ecos.fws.gov/docs/five_year_review/doc6386.pdf,
Dromedary pearlymussel,Mussel,Endangered,No Change,2020-04-29,https://ecos.fws.gov/docs/five_year_review/doc6387.pdf,
Purple bankclimber,Mussel,Threatened,No Change,2020-05-01,https://ecos.fws.gov/docs/five_year_review/doc6390.pdf,
Oval pigtoe,Mussel,Endangered,No Change,2020-05-01,https://ecos.fws.gov/docs/five_year_review/doc6389.pdf,
Neosho mucket,Mussel,Endangered,No Change,2020-05-05,https://ecos.fws.gov/docs/five_year_review/doc6400.pdf,
Arkansas fatmucket,Mussel,Threatened,Uplist from Threatened to Endangered,2020-05-06,https://ecos.fws.gov/docs/five_year_review/doc6399.pdf,
Whorled sunflower,Plant,Endangered,No Change,2020-05-22,https://ecos.fws.gov/docs/five_year_review/doc6411.pdf,
Smoky madtom,Fish,Endangered,No Change,2020-06-15,https://ecos.fws.gov/docs/five_year_review/doc6597.pdf,
Rabbitsfoot,Mussel,Threatened,No Change,2020-06-17,https://ecos.fws.gov/docs/five_year_review/doc6435.pdf,
Saint Francis' satyr butterfly,Insect,Endangered,No Change,2020-06-22,https://ecos.fws.gov/docs/five_year_review/doc6413.pdf,
Yellowfin madtom,Fish,Threatened,No Change,2020-06-23,https://ecos.fws.gov/docs/five_year_review/doc6434.pdf,
Wheeler's peperomia,Plant,Endangered,No Change,2020-06-29,https://ecos.fws.gov/docs/five_year_review/doc6438.pdf,
Florida scrub-jay,Bird,Endangered,No Change,2020-06-30,https://ecos.fws.gov/docs/five_year_review/doc6479.pdf,
Florida torreya,Plant,Endangered,No Change,2020-07-10,https://ecos.fws.gov/docs/five_year_review/doc6446.pdf,
Bluemask darter,Fish,Endangered,No Change,2020-08-05,https://ecos.fws.gov/docs/five_year_review/doc6484.pdf,
Alabama sturgeon,Fish,Endangered,No Change,2020-08-11,https://ecos.fws.gov/docs/five_year_review/doc6500.pdf,
Kral's water-plantain,Plant,Threatened,No Change,2020-08-12,https://ecos.fws.gov/docs/five_year_review/doc6506.pdf,
Bayou darter,Fish,Threatened,No Change,2020-08-20,https://ecos.fws.gov/docs/five_year_review/doc6602.pdf,
Heller's blazing star,Plant,Threatened,No Change,2020-08-26,https://ecos.fws.gov/docs/five_year_review/doc6542.pdf,
Bunched arrowhead,Plant,Endangered,No Change,2020-08-26,https://ecos.fws.gov/docs/five_year_review/doc6540.pdf,
Rock gnome lichen,Plant,Endangered,No Change,2020-08-27,https://ecos.fws.gov/docs/five_year_review/doc6561.pdf,
White birds-in-a-nest,Plant,Threatened,No Change,2020-08-28,https://ecos.fws.gov/docs/five_year_review/doc6570.pdf,
Ochlockonee moccasinshell,Mussel,Endangered,No Change,2020-08-28,https://ecos.fws.gov/docs/five_year_review/doc6567.pdf,
Kentucky glade cress,Plant,Threatened,No Change,2020-09-03,https://ecos.fws.gov/docs/five_year_review/doc6597.pdf,
West Indian manatee,Mammal,Threatened,Downlist from Endangered to Threatened,2016-01-08,https://www.govinfo.gov/link/fr/81/1000?link-type=pdf,
Prices potato-bean,Plant,Threatened,No Change,2016-09-02,https://ecos.fws.gov/docs/five_year_review/doc4819.pdf,
Bariaco,Plant,Endangered,No Change,2017-08-10,https://ecos.fws.gov/docs/five_year_review/doc5219.pdf,
Scrub buckwheat,Plant,Threatened,No Change,2018-02-27,https://ecos.fws.gov/docs/five_year_review/doc5833.pdf,
Pygmy madtom,Fish,Endangered,No Change,2018-07-03,https://ecos.fws.gov/docs/five_year_review/doc5930.pdf,
Braun's rock-cress,Plant,Endangered,No Change,2018-08-31,https://ecos.fws.gov/docs/five_year_review/doc5829.pdf,
Adiantum vivesii,Plant,Endangered,No Change,2018-09-25,https://ecos.fws.gov/docs/five_year_review/doc5840.pdf,
Southern acornshell,Mussel,Endangered,Remove from Endangered Species List,2018-10-15,https://ecos.fws.gov/docs/five_year_review/doc5964.pdf,
Upland combshell,Mussel,Endangered,Remove from Endangered Species List,2018-10-15,https://ecos.fws.gov/docs/five_year_review/doc5963.pdf,
Hell Creek Cave crayfish,Crayfish,Endangered,No Change,2019-04-17,https://ecos.fws.gov/docs/five_year_review/doc5985.pdf,
Altamaha Spinymussel,Mussel,Endangered,No Change,2019-07-15,https://ecos.fws.gov/docs/five_year_review/doc6066.pdf,
Ozark cavefish,Fish,Threatened,No Change,2019-08-09,https://ecos.fws.gov/docs/five_year_review/doc6093.pdf,
Black spored quillwort,Plant,Endangered,No Change,2019-09-11,https://ecos.fws.gov/docs/five_year_review/doc6195.pdf,
Mat-forming quillwort,Plant,Endangered,No Change,2019-09-11,https://ecos.fws.gov/docs/five_year_review/doc6194.pdf,
Orangenacre mucket,Mussel,Threatened,No Change,2019-09-12,https://ecos.fws.gov/docs/five_year_review/doc6222.pdf,
Finelined pocketbook,Mussel,Threatened,No Change,2019-09-12,https://ecos.fws.gov/docs/five_year_review/doc6221.pdf,
Ovate clubshell,Mussel,Endangered,No Change,2019-09-12,https://ecos.fws.gov/docs/five_year_review/doc6227.pdf,
Triangular Kidneyshell,Mussel,Endangered,No Change,2019-09-12,https://ecos.fws.gov/docs/five_year_review/doc6228.pdf,
Alabama moccasinshell,Mussel,Threatened,No Change,2019-09-12,https://ecos.fws.gov/docs/five_year_review/doc6223.pdf,
Coosa moccasinshell,Mussel,Endangered,No Change,2019-09-12,https://ecos.fws.gov/docs/five_year_review/doc6224.pdf,
Dark pigtoe,Mussel,Endangered,No Change,2019-09-12,https://ecos.fws.gov/docs/five_year_review/doc6225.pdf,
Southern pigtoe,Mussel,Endangered,No Change,2019-09-12,https://ecos.fws.gov/docs/five_year_review/doc6226.pdf,
Guthrie's (=Pyne's) ground-plum,Plant,Endangered,No Change,2019-09-18,https://ecos.fws.gov/docs/five_year_review/doc6191.pdf,
Southern clubshell,Mussel,Endangered,Downlist from Endangered to Threatened,2019-09-23,https://ecos.fws.gov/docs/five_year_review/doc6220.pdf,
Conasauga logperch,Fish,Endangered,No Change,2019-12-03,https://ecos.fws.gov/docs/five_year_review/doc6299.pdf,
Tulotoma snail,Snail,Threatened,No Change,2019-12-11,https://ecos.fws.gov/docs/five_year_review/doc6606.pdf,
Green pitcher plant,Plant,Endangered,No Change,2020-09-24,https://ecos.fws.gov/docs/five_year_review/doc6646.pdf,
Shinyrayed pocketbook,Mussel,Endangered,No Change,2020-09-17,https://ecos.fws.gov/docs/five_year_review/doc6648.pdf,
Gulf moccasinshell,Mussel,Endangered,No Change,2020-09-17,https://ecos.fws.gov/docs/five_year_review/doc6648.pdf,
Waccamaw silverside,Fish,Threatened,No Change,2020-09-29,https://ecos.fws.gov/docs/five_year_review/doc6678.pdf,
Cobana negra,Plant,Threatened,No Change,2020-10-07,https://ecos.fws.gov/docs/five_year_review/doc6737.pdf,
Palezone shiner,Fish,Endangered,No Change,2020-10-20,https://ecos.fws.gov/docs/five_year_review/doc6752.pdf,
Leatherback sea turtle,Reptile,Endangered,No Change,2020-08-10,https://www.govinfo.gov/link/fr/85/48332?link-type=pdf,
Virgin Islands tree boa,Reptile,Endangered,Downlist from Endangered to Threatened,2020-09-30,https://www.govinfo.gov/link/fr/85/61700?link-type=pdf,
Red-cockaded woodpecker,Bird,Endangered,Downlist from Endangered to Threatened,2020-10-08,https://www.govinfo.gov/link/fr/85/63474?link-type=pdf,
Mona boa,Reptile,Threatened,No Change,2020-10-27,https://ecos.fws.gov/docs/five_year_review/doc6755.pdf,
Tar River spinymussel,Mussel,Endangered,No Change,2020-11-02,https://ecos.fws.gov/docs/five_year_review/doc6756.pdf,
Fleshty-fruit gladecress,Plant,Endangered,No Change,2020-12-20,https://ecos.fws.gov/docs/five_year_review/doc6775.pdf,
Pigeon wings,Plant,Threatened,No Change,2020-12-22,https://ecos.fws.gov/docs/five_year_review/doc6776.pdf,
Michaux's sumac,Plant,Endangered,No Change,2021-01-06,https://ecos.fws.gov/docs/five_year_review/doc6780.pdf,
,,,,,,
,,,,,,
,,,,,,
,,,,,,
,,,,,,
,,,,,,
,,,,,,
,,,,,,
,,,,,,
,,,,,,
,,,,,,
,,,,,,
,,,,,,
,,,,,,
,,,,,,
,,,,,,
,,,,,,
,,,,,,
,,,,,,
,,,,,,
,,,,,,
,,,,,,
,,,,,,
,,,,,,
,,,,,,
,,,,,,
,,,,,,
,,,,,,
,,,,,,
,,,,,,
,,,,,,
,,,,,,
,,,,,,
,,,,,,
,,,,,,
,,,,,,
,,,,,,
,,,,,,
,,,,,,
,,,,,,
,,,,,,
,,,,,,
,,,,,,
,,,,,,
,,,,,,
,,,,,,
,,,,,,
,,,,,,
,,,,,,
,,,,,,
,,,,,,
,,,,,,
,,,,,,
,,,,,,
,,,,,,
,,,,,,
,,,,,,
,,,,,,
,,,,,,
,,,,,,
,,,,,,
,,,,,,
,,,,,,
,,,,,,
,,,,,,
,,,,,,
,,,,,,
,,,,,,
,,,,,,
,,,,,,
,,,,,,
,,,,,,
,,,,,,
,,,,,,
,,,,,,
,,,,,,
,,,,,,
,,,,,,
,,,,,,
,,,,,,
,,,,,,
,,,,,,
,,,,,,
,,,,,,
,,,,,,
,,,,,,
,,,,,,
,,,,,,
,,,,,,
,,,,,,
,,,,,,
,,,,,,
,,,,,,
,,,,,,
,,,,,,
,,,,,,
,,,,,,
,,,,,,
,,,,,,
,,,,,,
,,,,,,
,,,,,,
,,,,,,
,,,,,,
,,,,,,
,,,,,,
,,,,,,
,,,,,,
,,,,,,
,,,,,,
,,,,,,
,,,,,,
,,,,,,
,,,,,,
,,,,,,
,,,,,,
,,,,,,
,,,,,,
,,,,,,
,,,,,,
,,,,,,
,,,,,,
,,,,,,
,,,,,,
,,,,,,
,,,,,,
,,,,,,
,,,,,,
,,,,,,
,,,,,,
,,,,,,
,,,,,,
,,,,,,
,,,,,,
,,,,,,
,,,,,,
,,,,,,
,,,,,,
,,,,,,
,,,,,,
,,,,,,
,,,,,,
,,,,,,
,,,,,,
,,,,,,
,,,,,,
,,,,,,
,,,,,,
,,,,,,
,,,,,,
,,,,,,
,,,,,,
,,,,,,
,,,,,,
,,,,,,
,,,,,,
,,,,,,
,,,,,,
,,,,,,
,,,,,,
,,,,,,
,,,,,,
,,,,,,
,,,,,,
,,,,,,
,,,,,,
,,,,,,
,,,,,,
,,,,,,
,,,,,,
,,,,,,
,,,,,,
,,,,,,
,,,,,,
,,,,,,
,,,,,,
,,,,,,
,,,,,,
,,,,,,
,,,,,,
,,,,,,
,,,,,,
,,,,,,
,,,,,,
,,,,,,
,,,,,,
,,,,,,
,,,,,,
,,,,,,
,,,,,,
,,,,,,
,,,,,,
,,,,,,
,,,,,,
,,,,,,
,,,,,,
,,,,,,
,,,,,,
,,,,,,
,,,,,,
,,,,,,
,,,,,,
,,,,,,
,,,,,,
,,,,,,
,,,,,,
,,,,,,
,,,,,,
,,,,,,
,,,,,,
,,,,,,
,,,,,,
,,,,,,
,,,,,,
,,,,,,
,,,,,,
,,,,,,
,,,,,,
,,,,,,
,,,,,,
,,,,,,
,,,,,,
,,,,,,
,,,,,,
,,,,,,
,,,,,,
,,,,,,
,,,,,,
,,,,,,
,,,,,,
,,,,,,
,,,,,,
,,,,,,
,,,,,,
,,,,,,
,,,,,,
,,,,,,
,,,,,,
,,,,,,
,,,,,,
,,,,,,
,,,,,,
,,,,,,
,,,,,,
,,,,,,
,,,,,,
,,,,,,
,,,,,,
,,,,,,
,,,,,,
,,,,,,
,,,,,,
,,,,,,
,,,,,,
,,,,,,
,,,,,,
,,,,,,
,,,,,,
,,,,,,
,,,,,,
,,,,,,
,,,,,,
,,,,,,
,,,,,,
,,,,,,
,,,,,,
,,,,,,
,,,,,,
,,,,,,
,,,,,,
,,,,,,
,,,,,,
,,,,,,
,,,,,,
,,,,,,
,,,,,,
,,,,,,
,,,,,,
,,,,,,
,,,,,,
,,,,,,
,,,,,,
,,,,,,
,,,,,,
,,,,,,
,,,,,,
,,,,,,
,,,,,,
,,,,,,
,,,,,,
,,,,,,
,,,,,,
,,,,,,
,,,,,,
,,,,,,
,,,,,,
,,,,,,
,,,,,,
,,,,,,
,,,,,,
,,,,,,
,,,,,,
,,,,,,
,,,,,,
,,,,,,
,,,,,,
,,,,,,
,,,,,,
,,,,,,
,,,,,,
,,,,,,
,,,,,,
,,,,,,
,,,,,,
,,,,,,
,,,,,,
,,,,,,
,,,,,,
,,,,,,
,,,,,,
,,,,,,
,,,,,,
,,,,,,
,,,,,,
,,,,,,
,,,,,,
,,,,,,
,,,,,,
,,,,,,
,,,,,,
,,,,,,
,,,,,,
,,,,,,
,,,,,,
,,,,,,
,,,,,,
,,,,,,
,,,,,,
,,,,,,
,,,,,,
,,,,,,
,,,,,,
,,,,,,
,,,,,,
,,,,,,
,,,,,,
,,,,,,
,,,,,,
,,,,,,
,,,,,,
,,,,,,
,,,,,,
,,,,,,
,,,,,,
,,,,,,
,,,,,,
,,,,,,
,,,,,,
,,,,,,
,,,,,,
,,,,,,
,,,,,,
,,,,,,
,,,,,,
,,,,,,
,,,,,,
,,,,,,
,,,,,,
,,,,,,
,,,,,,
,,,,,,
,,,,,,
,,,,,,
,,,,,,
,,,,,,
,,,,,,
,,,,,,
,,,,,,
,,,,,,
,,,,,,
,,,,,,
,,,,,,
,,,,,,
,,,,,,
,,,,,,
,,,,,,
,,,,,,
,,,,,,
,,,,,,
,,,,,,
,,,,,,
,,,,,,
,,,,,,
,,,,,,
,,,,,,
,,,,,,
,,,,,,
,,,,,,
,,,,,,
,,,,,,
,,,,,,
,,,,,,
,,,,,,
,,,,,,
,,,,,,
,,,,,,
,,,,,,
,,,,,,
,,,,,,
,,,,,,
,,,,,,
,,,,,,
,,,,,,
,,,,,,
,,,,,,
,,,,,,
,,,,,,
,,,,,,
,,,,,,
,,,,,,
,,,,,,
,,,,,,
,,,,,,
,,,,,,
,,,,,,
,,,,,,
,,,,,,
,,,,,,
,,,,,,
,,,,,,
,,,,,,
,,,,,,
,,,,,,
,,,,,,
,,,,,,
,,,,,,
,,,,,,
,,,,,,
,,,,,,
,,,,,,
,,,,,,
,,,,,,
,,,,,,
,,,,,,
,,,,,,
,,,,,,
,,,,,,
,,,,,,
,,,,,,
,,,,,,
,,,,,,
,,,,,,
,,,,,,
,,,,,,
,,,,,,
,,,,,,
,,,,,,
,,,,,,
,,,,,,
,,,,,,
,,,,,,
,,,,,,
,,,,,,
,,,,,,
,,,,,,
,,,,,,
,,,,,,
,,,,,,
,,,,,,
,,,,,,
,,,,,,
,,,,,,
,,,,,,
,,,,,,
,,,,,,
,,,,,,
,,,,,,
,,,,,,
,,,,,,
,,,,,,
,,,,,,
,,,,,,
,,,,,,
,,,,,,
,,,,,,
,,,,,,
,,,,,,
,,,,,,
,,,,,,
,,,,,,
,,,,,,
,,,,,,
,,,,,,
,,,,,,
,,,,,,
,,,,,,
,,,,,,
,,,,,,
,,,,,,
,,,,,,
,,,,,,
,,,,,,
,,,,,,
,,,,,,
,,,,,,
,,,,,,
,,,,,,
,,,,,,
,,,,,,
,,,,,,
,,,,,,
,,,,,,
,,,,,,
,,,,,,
,,,,,,
,,,,,,
,,,,,,
,,,,,,
,,,,,,
,,,,,,
,,,,,,
,,,,,,
,,,,,,
,,,,,,
,,,,,,
,,,,,,
,,,,,,
,,,,,,
,,,,,,
,,,,,,
,,,,,,
,,,,,,
,,,,,,
,,,,,,
,,,,,,
,,,,,,
,,,,,,
,,,,,,
,,,,,,
,,,,,,
,,,,,,
,,,,,,
,,,,,,
,,,,,,
,,,,,,
,,,,,,
,,,,,,
,,,,,,
,,,,,,
,,,,,,
,,,,,,
,,,,,,
,,,,,,
,,,,,,
