office,name,type,url,year
Big Branch Marsh National Wildlife Refuge,,Inventory and Monitoring Plan,https://catalog.data.gov/dataset/inventory-and-monitoring-plan-big-branch-marsh-national-wildlife-refuge,2016
Coldwater River National Wildlife Refuge,,Inventory and Monitoring Plan,https://catalog.data.gov/dataset/inventory-and-monitoring-plan-coldwater-river-national-wildlife-refuge,2016
Pee Dee National Wildlife Refuge,,Inventory and Monitoring Plan,https://catalog.data.gov/dataset/inventory-monitoring-plan-for-pee-dee-national-wildlife-refuge,2016
Dahomey National Wildlife Refuge,,Inventory and Monitoring Plan,https://catalog.data.gov/dataset/inventory-and-monitoring-plan-dahomey-national-wildlife-refuge,2015
Florida Panther National Wildlife Refuge,,Comprehensive Conservation Plan,https://catalog.data.gov/dataset/florida-panther-national-wildlife-refuge-comprehensive-conservation-plan,2000
Lower Suwannee and Cedar Keys National Wildlife Refuges,,Comprehensive Conservation Plan,https://catalog.data.gov/dataset/lower-suwannee-cedar-keys-national-wildlife-refuges-comprehensive-conservation-plans,2000
Arthur R. Marshall Loxahatchee National Wildlife Refuge,,Comprehensive Conservation Plan,https://catalog.data.gov/dataset/arthur-r-marshall-loxahatchee-national-wildlife-refuge-comprehensive-conservation-plan,2000
Ten Thousand Islands National Wildlife Refuge,,Comprehensive Conservation Plan,https://catalog.data.gov/dataset/ten-thousand-islands-national-wildlife-refuge-comprehensive-conservation-plan,2000
Sam D. Hamilton Noxubee National Wildlife Refuge,,Comprehensive Conservation Plan,https://catalog.data.gov/dataset/sam-d-hamilton-noxubee-national-wildlife-refuge-comprehensive-conservation-plan,2014
Bayou Cocodrie National Wildlife Refuge,,Comprehensive Conservation Plan,https://catalog.data.gov/dataset/bayou-cocodrie-national-wildlife-refuge-comprehensive-conservation-plan,2004
Roanoke River National Wildlife Refuge,,Comprehensive Conservation Plan,https://catalog.data.gov/dataset/roanoke-river-national-wildlife-refuge-comprehensive-conservation-plan-final-environmental,2005
Lake Ophelia National Wildlife Refuge,,Comprehensive Conservation Plan,https://catalog.data.gov/dataset/lake-ophelia-national-wildlife-refuge-comprehensive-conservation-plan,2005
North Mississippi National Wildlife Refuge Complex,,Comprehensive Conservation Plan,https://catalog.data.gov/dataset/north-mississippi-national-wildlife-refuges-complex-comprehensive-conservation-plan,2005
Bon Secour National Wildlife Refuge,,Comprehensive Conservation Plan,https://catalog.data.gov/dataset/bon-secour-national-wildlife-refuge-comprehensive-conservation-plan,2005
Theodore Roosevelt National Wildlife Refuge Complex,,Comprehensive Conservation Plan,https://catalog.data.gov/dataset/theodore-roosevelt-national-wildlife-refuge-complex-hillside-mathews-brake-morgan-brake-pa,2006
Crocodile Lake National Wildlife Refuge,,Comprehensive Conservation Plan,https://catalog.data.gov/dataset/crocodile-lake-national-wildlife-refuge-comprehensive-conservation-plan,2006
Cameron Prairie National Wildlife Refuge,,Comprehensive Conservation Plan,https://catalog.data.gov/dataset/cameron-prairie-national-wildlife-refuge-comprehensive-conservation-plan,2006
Reelfoot and Lake Isom National Wildlife Refuges,,Comprehensive Conservation Plan,https://catalog.data.gov/dataset/reelfoot-lake-isom-national-wildlife-refuge-comprehensive-conservation-plan,2006
Chickasaw National Wildlife Refuge,,Comprehensive Conservation Plan,https://catalog.data.gov/dataset/chickasaw-national-wildlife-refuge-comprehensive-conservation-plan,2006
Lower Hatchie National Wildlife Refuge,,Comprehensive Conservation Plan,https://catalog.data.gov/dataset/lower-hatchie-national-wildlife-refuge-comprehensive-conservation-plan,2006
Hatchie National Wildlife Refuge,,Comprehensive Conservation Plan,https://catalog.data.gov/dataset/hatchie-national-wildlife-refuge-comprehensive-conservation-plan,2006
St. Catherine Creek National Wildlife Refuge,,Comprehensive Conservation Plan,https://catalog.data.gov/dataset/st-catherine-creek-national-wildlife-refuge-comprehensive-conservation-plan,2006
Choctaw National Wildlife Refuge,,Comprehensive Conservation Plan,https://catalog.data.gov/dataset/choctaw-national-wildlife-refuge-comprehensive-conservation-plan,2006
Pelican Island National Wildlife Refuge,,Comprehensive Conservation Plan,https://catalog.data.gov/dataset/pelican-island-national-wildlife-refuge-comprehensive-conservation-plan,2006
Cedar Island National Wildlife Refuge,,Comprehensive Conservation Plan,https://catalog.data.gov/dataset/cedar-island-national-wildlife-refuge-comprehensive-conservation-plan,2006
Pea Island National Wildlife Refuge,,Comprehensive Conservation Plan,https://catalog.data.gov/dataset/pea-island-national-wildlife-refuge-comprehensive-conservation-plan,2006
Okefenokee National Wildlife Refuge,,Comprehensive Conservation Plan,https://catalog.data.gov/dataset/okefenokee-national-wildlife-refuge-comprehensive-conservation-plan,2006
D'Arbonne National Wildlife Refuge,,Comprehensive Conservation Plan,https://catalog.data.gov/dataset/darbonne-national-wildlife-refuge-comprehensive-conservation-plan,2006
St. Marks National Wildlife Refuge,,Comprehensive Conservation Plan,https://catalog.data.gov/dataset/st-marks-national-wildlife-refuge-comprehensive-conservation-plan,2006
Grande Cote National Wildlife Refuge,,Comprehensive Conservation Plan,https://catalog.data.gov/dataset/grand-cote-national-wildlife-refuge-comprehensive-conservation-plan,2006
Hobe Sound National Wildlife Refuge,,Comprehensive Conservation Plan,https://catalog.data.gov/dataset/hobe-sound-national-wildlife-refuge-comprehensive-conservation-plan,2006
Vieques National Wildlife Refuge,,Comprehensive Conservation Plan,https://catalog.data.gov/dataset/vieques-national-wildlife-refuge-comprehensive-conservation-plan-and-environmental-impact-,2007
Lacassine National Wildlife Refuge,,Comprehensive Conservation Plan,https://catalog.data.gov/dataset/lacassine-national-wildlife-refuge-comprehensive-conservation-plan,2007
Wheeler National Wildlife Refuge Complex,,Comprehensive Conservation Plan,https://catalog.data.gov/dataset/wheeler-national-wildlife-refuge-complex-comprehensive-conservation-plan-and-environmental,2007
Mississippi Sandhill Crane National Wildlife Refuge,,Comprehensive Conservation Plan,https://catalog.data.gov/dataset/mississippi-sandhill-crane-national-wildlife-refuge-comprehensive-conservation-plan,2007
Big Branch Marsh National Wildlife Refuge,,Comprehensive Conservation Plan,https://catalog.data.gov/dataset/big-branch-marsh-national-wildlife-refuge-comprehensive-conservation-plan,2007
Catahoula National Wildlife Refuge,,Comprehensive Conservation Plan,https://catalog.data.gov/dataset/catahoula-national-wildlife-refuge-comprehensive-conservation-plan,2007
Sabine National Wildlife Refuge,,Comprehensive Conservation Plan,https://catalog.data.gov/dataset/sabine-national-wildlife-refuge-southwest-louisiana-national-wildlife-refuge-complex-compr,2007
Red River National Wildlife Refuge,,Comprehensive Conservation Plan,https://catalog.data.gov/dataset/red-river-national-wildlife-refuge-comprehensive-conservation-plan,2008
Pocosin Lakes National Wildlife Refuge,,Comprehensive Conservation Plan,https://catalog.data.gov/dataset/pocosin-lakes-national-wildlife-refuge-comprehensive-conservation-plan,2008
Merritt Island National Wildlife Refuge,,Comprehensive Conservation Plan,https://catalog.data.gov/dataset/merritt-island-national-wildlife-refuge-comprehensive-conservation-plan,2008
Upper Ouachita and Handy Brake National Wildlife Refuges,,Comprehensive Conservation Plan,https://catalog.data.gov/dataset/upper-ouachita-and-handy-brake-national-wildlife-refuge-comprehensive-conservation-plan,2008
Alligator River National Wildlife Refuge,,Comprehensive Conservation Plan,https://catalog.data.gov/dataset/alligator-river-national-wildlife-refuge-comprehensive-conservation-plan,2008
Logan Cave National Wildlife Refuge,,Comprehensive Conservation Plan,https://catalog.data.gov/dataset/logan-cave-national-wildlife-refuge-comprehensive-conservation-plan,2008
Lake Woodruff National Wildlife Refuge,,Comprehensive Conservation Plan,https://catalog.data.gov/dataset/lake-woodruff-national-wildlife-refuge-comprehensive-conservation-plan,2008
Wolf Island National Wildlife Refuge,,Comprehensive Conservation Plan,https://catalog.data.gov/dataset/wolf-island-national-wildlife-refuge-comprehensive-conservation-plan,2008
Pee Dee National Wildlife Refuge,,Comprehensive Conservation Plan,https://catalog.data.gov/dataset/pee-dee-national-wildlife-refuge-comprehensive-conservation-plan,2008
Waccamaw National Wildlife Refuge,,Comprehensive Conservation Plan,https://catalog.data.gov/dataset/waccamaw-national-wildlife-refuge-comprehensive-conservation-plan,2008
Grand Bay National Wildlife Refuge,,Comprehensive Conservation Plan,https://catalog.data.gov/dataset/grand-bay-national-wildlife-refuge-comprehensive-conservation-plan,2008
Eufaula National Wildlife Refuge,,Comprehensive Conservation Plan,https://catalog.data.gov/dataset/eufaula-national-wildlife-refuge-comprehensive-conservation-plan,2008
Shell Keys National Wildlife Refuge,,Comprehensive Conservation Plan,https://catalog.data.gov/dataset/shell-keys-national-wildlife-refuge-comprehensive-conservation-plan,2008
Santee National Wildlife Refuge,,Comprehensive Conservation Plan,https://catalog.data.gov/dataset/santee-national-wildlife-refuge-comprehensive-conservation-plan,2008
Currituck National Wildlife Refuge,,Comprehensive Conservation Plan,https://catalog.data.gov/dataset/currituck-national-wildlife-refuge-comprehensive-conservation-plan,2008
Mackay National Wildlife Refuge,,Comprehensive Conservation Plan,https://catalog.data.gov/dataset/mackay-island-national-wildlife-refuge-comprehensive-conservation-plan,2008
Archie Carr National Wildlife Refuge,,Comprehensive Conservation Plan,https://catalog.data.gov/dataset/archie-carr-national-wildlife-refuge-comprehensive-conservation-plan,2008
Mattamuskeet National Wildlife Refuge,,Comprehensive Conservation Plan,https://catalog.data.gov/dataset/mattamuskeet-national-wildlife-refuge-comprehensive-conservation-plan,2008
Swanquarter National Wildlife Refuge,,Comprehensive Conservation Plan,https://catalog.data.gov/dataset/swanquarter-national-wildlife-refuge-comprehensive-conservation-plan,2008
Delta and Breton National Wildlife Refuges,,Comprehensive Conservation Plan,https://catalog.data.gov/dataset/delta-and-breton-national-wildlife-refuges-comprehensive-conservation-plan,2008
Bayou Sauvage National Wildlife Refuge,,Comprehensive Conservation Plan,https://catalog.data.gov/dataset/bayou-sauvage-national-wildlife-refuge-comprehensive-conservation-plan,2009
Cross Creeks National Wildlife Refuge,,Comprehensive Conservation Plan,https://catalog.data.gov/dataset/cross-creeks-national-wildlife-refuge-comprehensive-conservation-plan,2009
Tensas River National Wildlife Refuge,,Comprehensive Conservation Plan,https://catalog.data.gov/dataset/tensas-river-national-wildlife-refuge-comprehensive-conservation-plan,2009
Bayou Teche National Wildlife Refuge,,Comprehensive Conservation Plan,https://catalog.data.gov/dataset/bayou-teche-national-wildlife-refuge-comprehensive-conservation-plan,2009
Mandalay National Wildlife Refuge,,Comprehensive Conservation Plan,https://catalog.data.gov/dataset/mandalay-national-wildlife-refuge-comprehensive-conservation-plan,2009
E.F. Hollings Ace Basin National Wildlife Refuge,,Comprehensive Conservation Plan,https://catalog.data.gov/dataset/ernest-f-hollings-ace-basin-national-wildlife-refuge-comprehensive-conservation-plan,2009
Lower Florida Keys National Wildlife Refuge,,Comprehensive Conservation Plan,https://catalog.data.gov/dataset/lower-florida-keys-national-wildlife-refuges-comprehensive-conservation-plan,2009
Banks Lake National Wildlife Refuge,,Comprehensive Conservation Plan,https://catalog.data.gov/dataset/banks-lake-national-wildlife-refuge-comprehensive-conservation-plan,2009
Central Arkansas National Wildlife Refuge Complex,,Comprehensive Conservation Plan,https://catalog.data.gov/dataset/central-arkansas-national-wildlife-refuge-complex-comprehensive-conservation-plan,2009
Bond Swamp National Wildlife Refuge,,Comprehensive Conservation Plan,https://catalog.data.gov/dataset/bond-swamp-national-wildlife-refuge-comprehensive-conservation-plan,2009
"Egmont Key, Pinellas, and Passage Key National Wildlife Refuges",,Comprehensive Conservation Plan,https://catalog.data.gov/dataset/tampa-bay-refuges-egmont-key-pinellas-and-passage-key-national-wildlife-refuges-comprehens,2010
Holla Bend National Wildlife Refuge,,Comprehensive Conservation Plan,https://catalog.data.gov/dataset/holla-bend-national-wildlife-refuge-comprehensive-conservation-plan,2010
Black Bayou Lake National Wildlife Refuge,,Comprehensive Conservation Plan,https://catalog.data.gov/dataset/black-bayou-lake-national-wildlife-refuge-comprehensive-conservation-plan,2010
Cape Romain National Wildlife Refuge,,Comprehensive Conservation Plan,https://catalog.data.gov/dataset/cape-romain-national-wildlife-refuge-comprehensive-conservation-plan,2010
Watercress Darter National Wildlife Refuge,,Comprehensive Conservation Plan,https://catalog.data.gov/dataset/watercress-darter-national-wildlife-refuge-comprehensive-conservation-plan,2010
Lake Wales Ridge National Wildlife Refuge,,Comprehensive Conservation Plan,https://catalog.data.gov/dataset/lake-wales-ridge-national-wildlife-refuge-comprehensive-conservation-plan,2010
Felsenthal and Overthrow National Wildlife Refuges,,Comprehensive Conservation Plan,https://catalog.data.gov/dataset/felsenthal-and-overflow-national-wildlife-refuges-comprehensive-conservation-plan,2010
Tennesee National Wildlife Refuge,,Comprehensive Conservation Plan,https://catalog.data.gov/dataset/tennessee-national-wildlife-refuge-comprehensive-conservation-plan-and-environmental-asses,2010
Piedmont National Wildlife Refuge,,Comprehensive Conservation Plan,https://catalog.data.gov/dataset/piedmont-national-wildlife-refuge-comprehensive-conservation-plan,2010
"J.N. ""Ding"" Darling National Wildlife Refuge",,Comprehensive Conservation Plan,https://catalog.data.gov/dataset/j-n-ding-darling-national-wildlife-refuge-comprehensive-conservation-plan,2010
Virgin Islands National Wildlife Refuge Complex,,Comprehensive Conservation Plan,https://catalog.data.gov/dataset/sandy-point-green-cay-and-buck-island-national-wildlife-refuges-united-states-virgin-islan,2010
Carolina Sandhills National Wildlife Refuge,,Comprehensive Conservation Plan,https://catalog.data.gov/dataset/carolina-sandhills-national-wildlife-refuge-comprehensive-conservation-plan,2010
Atchafalaya National Wildlife Refuge,,Comprehensive Conservation Plan,https://catalog.data.gov/dataset/atchafalaya-national-wildlife-refuge-comprehensive-conservation-plan,2011
Bogue Chitto National Wildlife Refuge,,Comprehensive Conservation Plan,https://catalog.data.gov/dataset/bogue-chitto-national-wildlife-refuge-comprehensive-conservation-plan,2011
St. Johns National Wildlife Refuge,,Comprehensive Conservation Plan,https://catalog.data.gov/dataset/st-johns-national-wildlife-refuge-comprehensive-conservation-plan,2011
Cabo Rojo National Wildlife Refuge,,Comprehensive Conservation Plan,https://catalog.data.gov/dataset/cabo-rojo-national-wildlife-refuge-comprehensive-conservation-plan,2011
Laguna Cartagena National Wildlife Refuge,,Comprehensive Conservation Plan,https://catalog.data.gov/dataset/laguna-cartagena-national-wildlife-refuge-comprehensive-conservation-plan,2011
White River National Wildlife Refuge,,Comprehensive Conservation Plan,https://catalog.data.gov/dataset/white-river-national-wildlife-refuge-comprehensive-conservation-plan,2012
Chassahowitzka National Wildlife Refuge,,Comprehensive Conservation Plan,https://catalog.data.gov/dataset/chassahowitzka-national-wildlife-refuge-comprehensive-conservation-plan,2012
St. Vincent National Wildlife Refuge,,Comprehensive Conservation Plan,https://catalog.data.gov/dataset/st-vincent-national-wildlife-refuge-comprehensive-conservation-plan,2012
Savannah Coastal National Wildlife Refuge Complex,,Comprehensive Conservation Plan,https://catalog.data.gov/dataset/savannah-coastal-national-wildlife-refuges-complex-comprehensive-conservation-plan,2011
Clarks River National Wildlife Refuge,,Comprehensive Conservation Plan,https://catalog.data.gov/dataset/clarks-river-national-wildlife-refuge-comprehensive-conservation-plan,2012
Culebra National Wildlife Refuge,,Comprehensive Conservation Plan,https://catalog.data.gov/dataset/culebra-national-wildlife-refuge-comprehensive-conservation-plan,2012
Desecheo National Wildlife Refuge,,Comprehensive Conservation Plan,https://catalog.data.gov/dataset/desecheo-national-wildlife-refuge-comprehensive-conservation-plan,2012
Pond Creek National Wildlife Refuge,,Comprehensive Conservation Plan,https://catalog.data.gov/dataset/pond-creek-national-wildlife-refuge-comprehensive-conservation-plan,1999
South Carolina Low Country Complex,,Fire Management Plan,https://catalog.data.gov/dataset/south-carolina-low-country-complex-fire-management-plan,2010
Pocosin Lakes National Wildlife Refuge,,Fire Management Plan,https://catalog.data.gov/dataset/fire-management-plan-for-pocosin-lakes-national-wildlife-refuge,2006
St. Marks National Wildlife Refuge,,Habitat Management Plan,https://catalog.data.gov/dataset/habitat-management-plan-for-st-marks-national-wildlife-refuge,2013
Bayou Teche National Wildlife Refuge,,Habitat Management Plan,https://catalog.data.gov/dataset/bayou-teche-national-wildlife-refuges-habitat-management-plan,2013
Grande Cote National Wildlife Refuge,,Habitat Management Plan,https://catalog.data.gov/dataset/grand-cote-national-wildlife-refuges-habitat-management-plan,2013
Mandalay National Wildlife Refuge,,Habitat Management Plan,https://catalog.data.gov/dataset/mandalay-national-wildlife-refuges-habitat-management-plan,2013
Merritt Island National Wildlife Refuge,,Habitat Management Plan,https://catalog.data.gov/dataset/merritt-island-national-wildlife-refuges-habitat-management-plan,2006
Red River National Wildlife Refuge,,Habitat Management Plan,https://catalog.data.gov/dataset/red-river-national-wildlife-refuge-habitat-management-plan,2012
Sabine National Wildlife Refuge,,Habitat Management Plan,https://catalog.data.gov/dataset/sabine-national-wildlife-refuge-habitat-management-plan,2013
Black Bayou Lake National Wildlife Refuge,,Habitat Management Plan,https://catalog.data.gov/dataset/habitat-management-plan-for-black-bayou-lake-national-wildlife-refuge,2013
Lake Ophelia National Wildlife Refuge,,Habitat Management Plan,https://catalog.data.gov/dataset/habitat-management-plan-for-lake-ophelia-national-wildlife-refuge,2014
Pee Dee National Wildlife Refuge,,Habitat Management Plan,https://catalog.data.gov/dataset/habitat-management-plan-for-pee-dee-national-wildlife-refuge-2119a,2014
Logan Cave National Wildlife Refuge,,Habitat Management Plan,https://catalog.data.gov/dataset/habitat-management-plan-for-logan-cave-national-wildlife-refuge,2013
Tennesee National Wildlife Refuge,,Habitat Management Plan,https://catalog.data.gov/dataset/habitat-management-plan-for-tennessee-national-wildlife-refuge,2014
Tensas River National Wildlife Refuge,,Habitat Management Plan,https://catalog.data.gov/dataset/habitat-management-plan-for-tensas-river-national-wildlife-refuge,2014
Roanoke River National Wildlife Refuge,,Habitat Management Plan,https://catalog.data.gov/dataset/habitat-management-plan-for-roanoke-river-national-wildlife-refuge,2013
Delta and Breton National Wildlife Refuges,,Habitat Management Plan,https://catalog.data.gov/dataset/habitat-management-plan-for-delta-and-breton-national-wildlife-refuges,2013
Bayou Cocodrie National Wildlife Refuge,,Habitat Management Plan,https://catalog.data.gov/dataset/habitat-management-plan-for-bayou-cocodrie-national-wildlife-refuge,2015
Carolina Sandhills National Wildlife Refuge,,Habitat Management Plan,https://catalog.data.gov/dataset/habitat-management-plan-for-carolina-sandhills-national-wildlife-refuge,2014
Pond Creek National Wildlife Refuge,,Habitat Management Plan,https://catalog.data.gov/dataset/habitat-management-plan-for-pond-creek-national-wildlife-refuge,2014
Upper Ouachita National Wildlife Refuge,,Habitat Management Plan,https://catalog.data.gov/dataset/upper-ouachita-national-wildlife-refuge-habitat-management-plan,2011
Lower Suwannee National Wildlife Refuge,,Habitat Management Plan,https://catalog.data.gov/dataset/lower-suwanee-national-wildlife-refuge-habitat-management-plan,2004
Lacassine National Wildlife Refuge,,Habitat Management Plan,https://catalog.data.gov/dataset/lacassine-national-wildlife-refuge-habitat-management-plan,2012
D'Arbonne National Wildlife Refuge,,Habitat Management Plan,https://catalog.data.gov/dataset/darbonne-national-wildlife-refuge-habitat-management-plan,2010
Handy Brake National Wildlife Refuge,,Habitat Management Plan,https://catalog.data.gov/dataset/handy-brake-national-wildlife-refuge-habitat-management-plan,2012
Cameron Prairie National Wildlife Refuge,,Habitat Management Plan,https://catalog.data.gov/dataset/cameron-prairie-national-wildlife-refuge-habitat-management-plan,2011
Bon Secour National Wildlife Refuge,,Habitat Management Plan,https://catalog.data.gov/dataset/bon-secour-national-wildlife-refuge-habitat-management-plan,2006
Big Branch Marsh National Wildlife Refuge,,Habitat Management Plan,https://catalog.data.gov/dataset/big-branch-marsh-national-wildlife-refuge-habitat-management-plan,2011
Panther Swamp National Wildlife Refuge,,Habitat Management Plan,https://catalog.data.gov/dataset/panther-swamp-national-wildlife-refuge-habitat-management-plan,1983
Atchafalaya National Wildlife Refuge,,Habitat Management Plan,https://catalog.data.gov/dataset/habitat-management-plan-for-atchafalaya-national-wildlife-refuge,2013
Bogue Chitto National Wildlife Refuge,,Habitat Management Plan,https://catalog.data.gov/dataset/habitat-management-plan-for-bogue-chitto-national-wildlife-refuge,2013
Ernest F. Hollings Ace Basin National Wildlife Refuge,,Habitat Management Plan,https://catalog.data.gov/dataset/habitat-management-plan-for-ernest-f-hollings-ace-basin-national-wildlife-refuge,2015
Lower Hatchie National Wildlife Refuge,,Habitat Management Plan,https://catalog.data.gov/dataset/lower-hatchie-forest-habitat-management-plan,1993
Cahaba River National Wildlife Refuge,,Habitat Management Plan,https://catalog.data.gov/dataset/cahaba-river-national-wildlife-refuge-habitat-management-plan,2007
Bayou Sauvage National Wildlife Refuge,,Habitat Management Plan,https://catalog.data.gov/dataset/bayou-sauvage-national-wildlife-refuges-habitat-management-plan,2013
Mountain Longleaf National Wildlife Refuge,,Habitat Management Plan,https://catalog.data.gov/dataset/mountain-longleaf-national-wildlife-refuge-habitat-management-plan,2005
Clarks River National Wildlife Refuge,,Habitat Management Plan,https://catalog.data.gov/dataset/habitat-management-plan-clarks-river-national-wildlife-refuge,2013
Cape Romain National Wildlife Refuge,,Water Resource Inventory and Assessment,https://catalog.data.gov/dataset/cape-romain-national-wildlife-refuge-water-resource-inventory-and-assessment,2013
Cahaba River National Wildlife Refuge,,Water Resource Inventory and Assessment,https://catalog.data.gov/dataset/cahaba-river-national-wildlife-refuge-water-resource-inventory-and-assessment,2013
Dale Bumpers White River National Wildlife Refuge,,Water Resource Inventory and Assessment,https://catalog.data.gov/dataset/dale-bumpers-white-river-national-wildlife-refuge-water-resource-inventory-and-assessment,2015
Erwin National Fish Hatchery,,Water Resource Inventory and Assessment,https://catalog.data.gov/dataset/water-resource-inventory-and-assessment-wria-erwin-national-fish-hatchery-unicoi-county-te,2015
Lower Suwannee National Wildlife Refuge,,Water Resource Inventory and Assessment,https://catalog.data.gov/dataset/water-resource-inventory-and-assessment-lower-suwannee-national-wildlife-refuge-dixie-and-,2015
Okefenokee National Wildlife Refuge,,Water Resource Inventory and Assessment,https://catalog.data.gov/dataset/okefenokee-national-wildlife-refuge-water-resource-inventory-and-assessment,2015
Alligator River National Wildlife Refuge,,General Brochure,https://www.fws.gov/uploadedFiles/alligator_river02.pdf,
Ernest F. Hollings Ace Basin National Wildlife Refuge,,Fact Sheet,fact-sheet/ace-basin-national-wildlife-refuge.pdf,
Ernest F. Hollings Ace Basin National Wildlife Refuge,,General Brochure,brochure/ace-basin-national-wildlife-refuge.pdf,
Ernest F. Hollings Ace Basin National Wildlife Refuge,,Bird List,bird-list/ace-basin-national-wildlife-refuge.pdf,
Ernest F. Hollings Ace Basin National Wildlife Refuge,The Grove Plantation Map,Map,map/ace-basin-national-wildlife-refuge.pdf,
Ernest F. Hollings Ace Basin National Wildlife Refuge,Hunting and Fishing Regulations,Regulations,regulations/ace-basin-national-wildlife-refuge.pdf,
Alligator River National Wildlife Refuge,,Fact Sheet,fact-sheet/alligator-river-national-wildlife-refuge.pdf,
Alligator River National Wildlife Refuge,,Bird List,bird-list/alligator-river-national-wildlife-refuge.pdf,
Alligator River National Wildlife Refuge,Black Bear Tearsheet,Tearsheet,tearsheet/black-bear.pdf,
Alligator River National Wildlife Refuge,Endangered Red Wolf Brochure,General Brochure,brochure/red-wolf.pdf,
Alligator River National Wildlife Refuge,,General Brochure,brochure/alligator-river-national-wildlife-refuge.pdf,
Alligator River National Wildlife Refuge,,Tearsheet,tearsheet/alligator-river-national-wildlife-refuge.pdf,
Alligator River National Wildlife Refuge,,Map,map/alligator-river-national-wildlife-refuge.pdf,
Alligator River National Wildlife Refuge,North Carolina Gateway Visitor Center Tearsheet,Tearsheet,tearsheet/north-carolina-gateway-national-wildlife-refuges.pdf,
Archie Carr National Wildlife Refuge,,Fact Sheet,fact-sheet/archie-carr-national-wildlife-refuge.pdf,
Arthur R. Marshall Loxahatchee National Wildlife Refuge,,General Brochure,brochure/arm-loxahatchee-national-wildlife-refuge.pdf,
Arthur R. Marshall Loxahatchee National Wildlife Refuge,Waterfowl Hunt Regulations,Regulations,regulations/arm-loxahatchee-national-wildlife-refuge-waterfowl.pdf,
Arthur R. Marshall Loxahatchee National Wildlife Refuge,Alligator Hunt Regulations,Regulations,regulations/arm-loxahatchee-national-wildlife-refuge-waterfowl-alligator.pdf,
Arthur R. Marshall Loxahatchee National Wildlife Refuge,Fishing and Boating Regulations,Regulations,regulations/arm-loxahatchee-national-wildlife-refuge-fishing-and-boating.pdf,
Arthur R. Marshall Loxahatchee National Wildlife Refuge,,Bird List,bird-list/arm-loxahatchee-national-wildlife-refuge.pdf,
Arthur R. Marshall Loxahatchee National Wildlife Refuge,,Fact Sheet,fact-sheet/arm-loxahatchee-national-wildlife-refuge.pdf,
Arthur R. Marshall Loxahatchee National Wildlife Refuge,,Tearsheet,tearsheet/arm-loxahatchee-national-wildlife-refuge.pdf,
Atchafalaya National Wildlife Refuge,,Fact Sheet,fact-sheet/atchafalaya-national-wildlife-refuge.pdf,
Atchafalaya National Wildlife Refuge,,Bird List,bird-list/atchafalaya-national-wildlife-refuge.pdf,
Atchafalaya National Wildlife Refuge,,General Brochure,brochure/atchafalaya-national-wildlife-refuge.pdf,
Bald Knob National Wildlife Refuge,,Fact Sheet,fact-sheet/bald-knob-national-wildlife-refuge.pdf,
Bald Knob National Wildlife Refuge,,General Brochure,brochure/bald-knob-national-wildlife-refuge.pdf,
Bald Knob National Wildlife Refuge,Hunt Regulations,Regulations,regulations/bald-knob-national-wildlife-refuge-hunt.pdf,
Bald Knob National Wildlife Refuge,,Bird List,bird-list/bald-knob-national-wildlife-refuge.pdf,
Banks Lake National Wildlife Refuge,,Fact Sheet,fact-sheet/banks-lake-national-wildlife-refuge.pdf,
Bayou Cocodrie National Wildlife Refuge,,Fact Sheet,fact-sheet/bayou-cocodrie-national-wildlife-refuge.pdf,
Bayou Cocodrie National Wildlife Refuge,,General Brochure,brochure/bayou-cocodrie-national-wildlife-refuge.pdf,
Bayou Cocodrie National Wildlife Refuge,Bayou Cocodrie Designated Trails,Map,map/bayou-cocodrie-national-wildlife-refuge-trails.pdf,
Bayou Cocodrie National Wildlife Refuge,Bayou Cocodrie Hunt Map,Map,map/bayou-cocodrie-national-wildlife-refuge-hunt-map.pdf,
Bayou Cocodrie National Wildlife Refuge,,Bird List,bird-list/bayou-cocodrie-national-wildlife-refuge.pdf,
Bayou Cocodrie National Wildlife Refuge,Hunt Regulations,Regulations,regulations/bayou-cocodrie-national-wildlife-refuge-hunt.pdf,
Bayou Sauvage National Wildlife Refuge,,Fact Sheet,fact-sheet/bayou-sauvage-national-wildlife-refuge.pdf,
Bayou Sauvage National Wildlife Refuge,Hunting and Fishing Regulations,Regulations,regulations/bayou-sauvage-national-wildlife-refuge-hunt.pdf,
Bayou Sauvage National Wildlife Refuge,,Tearsheet,tearsheet/bayou-sauvage-national-wildlife-refuge.pdf,
Bayou Sauvage National Wildlife Refuge,,General Brochure,brochure/bayou-sauvage-national-wildlife-refuge.pdf,
Bayou Sauvage National Wildlife Refuge,,Bird List,bird-list/bayou-sauvage-national-wildlife-refuge.pdf,
Bayou Teche National Wildlife Refuge,,Fact Sheet,fact-sheet/bayou-teche-national-wildlife-refuge.pdf,
Bayou Teche National Wildlife Refuge,Hunting and Fishing Regulations,Regulations,regulations/bayou-teche-national-wildlife-refuge-hunt-fish.pdf,
Bayou Teche National Wildlife Refuge,Hunt Map,Map,map/bayou-teche-national-wildlife-refuge-hunt.pdf,
Big Branch Marsh National Wildlife Refuge,,Fact Sheet,fact-sheet/big-branch-marsh-national-wildlife-refuge.pdf,
Big Branch Marsh National Wildlife Refuge,,Tearsheet,tearsheet/big-branch-marsh-national-wildlife-refuge.pdf,
Big Branch Marsh National Wildlife Refuge,,Bird List,bird-list/big-branch-marsh-national-wildlife-refuge.pdf,
Big Branch Marsh National Wildlife Refuge,Hunting and Fishing Regulations,Regulations,regulations/big-branch-marsh-national-wildlife-refuge-hunt-fish.pdf,
Big Branch Marsh National Wildlife Refuge,Refuge Map,Map,map/big-branch-marsh-national-wildlife-refuge.pdf,
Big Branch Marsh National Wildlife Refuge,Boy Scout Trail Guide,General Brochure,brochure/big-branch-marsh-national-wildlife-refuge-boy-scout-trail-guide.pdf,
Big Lake National Wildlife Refuge,,Fact Sheet,fact-sheet/big-lake-national-wildlife-refuge.pdf,
Big Lake National Wildlife Refuge,,General Brochure,brochure/big-lake-national-wildlife-refuge.pdf,
Big Lake National Wildlife Refuge,Hunting and Fishing Regulations,Regulations,regulations/big-lake-national-wildlife-refuge-hunt-fish.pdf,
Black Bayou Lake National Wildlife Refuge,,Fact Sheet,fact-sheet/black-bayou-lake-national-wildlife-refuge.pdf,
Black Bayou Lake National Wildlife Refuge,Hunting Regulations,Regulations,regulations/black-bayou-lake-national-wildlife-refuge-hunt.pdf,
Blackbeard Island National Wildlife Refuge,,Fact Sheet,fact-sheet/blackbeard-island-national-wildlife-refuge.pdf,
Savannah Coastal Refuges Complex Brochure,,General Brochure,brochure/savannah-coastal-refuges-complex.pdf,
Blackbeard Island National Wildlife Refuge,Hunting and Fishing Regulations,Regulations,regulations/blackbeard-island-national-wildlife-refuge-hunt-fish.pdf,
Savannah Coastal Refuges Complex,,Bird List,bird-list/savannah-coastal-refuges-complex.pdf,
Blackbeard Island National Wildlife Refuge,,Rack Card,rack-card/blackbeard-island-national-wildlife-refuge.pdf,
Bogue Chitto National Wildlife Refuge,,Fact Sheet,fact-sheet/bogue-chitto-national-wildlife-refuge.pdf,
Bogue Chitto National Wildlife Refuge,Hunting and Fishing Regulations,Regulations,regulations/bogue-chitto-national-wildlife-refuge-hunt-fish.pdf,
Bogue Chitto National Wildlife Refuge,,Bird List,bird-list/bogue-chitto-national-wildlife-refuge.pdf,
Bon Secour National Wildlife Refuge,,General Brochure,brochure/bon-secour-national-wildlife-refuge.pdf,
Bon Secour National Wildlife Refuge,,Bird List,bird-list/bon-secour-national-wildlife-refuge.pdf,
Bon Secour National Wildlife Refuge,,Fact Sheet,fact-sheet/bon-secour-national-wildlife-refuge.pdf,
Bon Secour National Wildlife Refuge,Pine Beach Trail Guide,General Brochure,brochure/bon-secour-national-wildlife-refuge-pine-beach-trail-guide.pdf,
The Alabama Coastal Birding Trail,,General Brochure,brochure/the-alabama-coastal-birding-trail.pdf,
Bond Swamp National Wildlife Refuge,,Species List,species-list/bond-swamp-national-wildlife-refuge.pdf,
Bond Swamp National Wildlife Refuge,,Bird List,bird-list/bond-swamp-national-wildlife-refuge.pdf,
Bond Swamp National Wildlife Refuge,,General Brochure,brochure/bond-swamp-national-wildlife-refuge.pdf,
Bond Swamp National Wildlife Refuge,,Fact Sheet,fact-sheet/bond-swamp-national-wildlife-refuge.pdf,
Bond Swamp National Wildlife Refuge,Hunting Regulations,Regulations,regulations/bond-swamp-national-wildlife-refuge-hunt.pdf,
Bond Swamp National Wildlife Refuge,Hiking Trails,Map,map/bond-swamp-national-wildlife-refuge-hiking-trail.pdf,
Breton National Wildlife Refuge,,Fact Sheet,fact-sheet/breton-national-wildlife-refuge.pdf,
Breton National Wildlife Refuge,,General Brochure,brochure/breton-national-wildlife-refuge.pdf,
Buck Island National Wildlife Refuge,Fact Sheet in English,Fact Sheet,fact-sheet/buck-island-national-wildlife-refuge-english.pdf,
Buck Island National Wildlife Refuge,Fact Sheet in Spanish,Fact Sheet,fact-sheet/buck-island-national-wildlife-refuge-spanish.pdf,
Cabo Rojo National Wildlife Refuge,Fact Sheet in English,Fact Sheet,fact-sheet/cabo-rojo-national-wildlife-refuge-english.pdf,
Cabo Rojo National Wildlife Refuge,Fact Sheet in Spanish,Fact Sheet,fact-sheet/cabo-rojo-national-wildlife-refuge-spanish.pdf,
Cabo Rojo National Wildlife Refuge,Biking Trail Fact Sheet,Fact Sheet,fact-sheet/cabo-rojo-national-wildlife-refuge-biking-trail.pdf,
Cabo Rojo National Wildlife Refuge,Observation Tower Hiking Trail Fact Sheet,Fact Sheet,fact-sheet/cabo-rojo-national-wildlife-refuge-observation-tower-hiking-trail.pdf,
Cabo Rojo National Wildlife Refuge,Troupia Hiking Trail,Fact Sheet,fact-sheet/cabo-rojo-national-wildlife-refuge-troupia-hiking-trail.pdf,
Cache River National Wildlife Refuge,,Fact Sheet,fact-sheet/cache-river-national-wildlife-refuge.pdf,
Cache River National Wildlife Refuge,,Bird List,bird-list/cache-river-national-wildlife-refuge.pdf,
Cache River National Wildlife Refuge,,Tearsheet,tearsheet/cache-river-national-wildlife-refuge.pdf,
Cache River National Wildlife Refuge,Hunting and Fishing Regulations,Regulations,regulations/cache-river-national-wildlife-refuge-hunt-fish.pdf,
Cache River National Wildlife Refuge,Hunt Map,Map,map/cache-river-national-wildlife-refuge-hunt.pdf,
Cache River National Wildlife Refuge,,General Brochure,general-brochure/cache-river-national-wildlife-refuge.pdf,
Cahaba River  National Wildlife Refuge,,Fact Sheet,fact-sheet/cahaba-river-national-wildlife-refuge.pdf,
Cahaba River  National Wildlife Refuge,,General Brochure,general-brochure/cahaba-river-national-wildlife-refuge.pdf,
Caloosahatchee National Wildlife Refuge,,Fact Sheet,fact-sheet/caloosahatchee-national-wildlife-refuge.pdf,
Cameron Prairie National Wildlife Refuge,,Bird List,bird-list/cameron-prairie-national-wildlife-refuge.pdf,
Cameron Prairie National Wildlife Refuge,,Fact Sheet,fact-sheet/cameron-prairie-national-wildlife-refuge.pdf,
Cameron Prairie National Wildlife Refuge,,General Brochure,general-brochure/cameron-prairie-national-wildlife-refuge.pdf,
Cameron Prairie National Wildlife Refuge,Hunting Regulations,Regulations,regulations/cameron-prairie-national-wildlife-refuge-hunt.pdf,
Cameron Prairie National Wildlife Refuge,Hunting Permit,Regulations,regulations/cameron-prairie-national-wildlife-refuge-hunt-permit.pdf,
Cameron Prairie National Wildlife Refuge,Fishing Regulations,Regulations,regulations/cameron-prairie-national-wildlife-refuge-fishing.pdf,
Cameron Prairie National Wildlife Refuge,Fishing Map,Map,map/cameron-prairie-national-wildlife-refuge-fishing.pdf,
Southwest Louisiana National Wildlife Refuge Complex Lottery Alligator Hunt Program,Lottery Alligator Hunt Program,Regulations,regulations/southwest-louisiana-national-wildlife-complex-lottery-alligator-hunt-program.pdf,
Cape Romain National Wildlife Refuge,,General Brochure,general-brochure/cape-romain-national-wildlife-refuge.pdf,
Cape Romain National Wildlife Refuge,Refuge Map,Map,map/cape-romain-national-wildlife-refuge.pdf,
Cape Romain National Wildlife Refuge,,Fact Sheet,fact-sheet/cape-romain-national-wildlife-refuge.pdf,
Cape Romain National Wildlife Refuge,,Tearsheet,tearsheet/cape-romain-national-wildlife-refuge.pdf,
Cape Romain National Wildlife Refuge,,Tearsheet,tearsheet/cape-romain-national-wildlife-refuge-bull-island.pdf,
Cape Romain National Wildlife Refuge,Hunt Regulations,Regulations,regulations/cape-romain-national-wildlife-refuge-hunt.pdf,
Cape Romain National Wildlife Refuge,History of the Lighthouses of Cape Romain,General Brochure,brochure/cape-romain-national-wildlife-refuge-lighthouses.pdf,
Cape Romain National Wildlife Refuge,Wilderness Brochure,General Brochure,brochure/cape-romain-national-wildlife-refuge-wilderness.pdf,
Caribbean Islands National Wildlife Refuge,Fact Sheet in English,Fact Sheet,fact-sheet/caribbean-islands-national-wildlife-refuge-english.pdf,
Caribbean Islands National Wildlife Refuge,Fact Sheet in Spanish,Fact Sheet,fact-sheet/caribbean-islands-national-wildlife-refuge-spanish.pdf,
Carolina Sandhills National Wildlife Refuge,,Fact Sheet,fact-sheet/carolina-sandhills-national-wildlife-refuge.pdf,
Carolina Sandhills National Wildlife Refuge,,General Brochure,brochure/carolina-sandhills-national-wildlife-refuge.pdf,
Carolina Sandhills National Wildlife Refuge,Hunt Regulations,Regulations,regulations/carolina-sandhills-national-wildlife-refuge-hunt.pdf,
Carolina Sandhills National Wildlife Refuge,Fish Regulations,Regulations,regulations/carolina-sandhills-national-wildlife-refuge-fish.pdf,
Carolina Sandhills National Wildlife Refuge,Walking Trails,Map,map/carolina-sandhills-national-wildlife-refuge-trails.pdf,
Carolina Sandhills National Wildlife Refuge,"Butterflies, Dragonflies, Damselflies Checklist",Species List,species-list/carolina-sandhills-national-wildlife-refuge-butterflies-damselflies-dragonflies.pdf,
Carolina Sandhills National Wildlife Refuge,Flowering Plants Checklist,Species List,species-list/carolina-sandhills-national-wildlife-refuge-flowering-plants.pdf,
Catahoula National Wildlife Refuge,,Fact Sheet,fact-sheet/catahoula-national-wildlife-refuge.pdf,
Catahoula National Wildlife Refuge,,Bird List,bird-list/catahoula-national-wildlife-refuge.pdf,
Catahoula National Wildlife Refuge,Hunting and Fishing Regulations,Regulations,regulations/catahoula-national-wildlife-refuge-hunt-fish.pdf,
Catahoula National Wildlife Refuge,Hunting and Fishing Map,Map,map/catahoula-national-wildlife-refuge-hunt-fish.pdf,
Cat Island National Wildlife Refuge,,Fact Sheet,fact-sheet/cat-island-national-wildlife-refuge.pdf,
Cat Island National Wildlife Refuge,,General Brochure,general-brochure/cat-island-national-wildlife-refuge.pdf,
Cat Island National Wildlife Refuge,,Bird List,bird-list/cat-island-national-wildlife-refuge.pdf,
Cat Island National Wildlife Refuge,Hunting and Fishing Regulations,Regulations,regulations/cat-island-national-wildlife-refuge-hunt-fish.pdf,
Cat Island National Wildlife Refuge,Hunt Map,Map,map/cat-island-national-wildlife-refuge-hunt.pdf,
Cedar Island National Wildlife Refuge,,Fact Sheet,fact-sheet/cedar-island-national-wildlife-refuge.pdf,
Cedar Island National Wildlife Refuge,,General Brochure,general-brochure/cedar-island-national-wildlife-refuge.pdf,
Cedar Keys (Lower Suwanne) National Wildlife Refuge,,Fact Sheet,fact-sheet/cedar-keys-lower-suwanne-national-wildlife-refuge.pdf,
Cedar Keys (Lower Suwanne) National Wildlife Refuge,,General Brochure,general-brochure/cedar-keys-lower-suwanne-national-wildlife-refuge.pdf,
Cedar Keys (Lower Suwanne) National Wildlife Refuge,,Tearsheet,tearsheet/cedar-keys-lower-suwanne-national-wildlife-refuge.pdf,
Cedar Keys (Lower Suwanne) National Wildlife Refuge,,Bird List,bird-list/cedar-keys-lower-suwanne-national-wildlife-refuge.pdf,
Chassahowitzka National Wildlife Refuge,,Fact Sheet,fact-sheet/chassahowitzka-national-wildlife-refuge.pdf,
Chassahowitzka National Wildlife Refuge,,General Brochure,general-brochure/chassahowitzka-national-wildlife-refuge.pdf,
Chassahowitzka National Wildlife Refuge,,Bird List,bird-list/chassahowitzka-national-wildlife-refuge.pdf,
Chassahowitzka National Wildlife Refuge,,Tearsheet,tearsheet/chassahowitzka-national-wildlife-refuge.pdf,
Chassahowitzka National Wildlife Refuge,Hunt Regulations,Regulations,regulations/chassahowitzka-national-wildlife-refuge-hunt.pdf,
Chickasaw National Wildlife Refuge,,Fact Sheet,fact-sheet/chickasaw-national-wildlife-refuge.pdf,
Chickasaw National Wildlife Refuge,,General Brochure,brochure/chickasaw-national-wildlife-refuge.pdf,
Chickasaw National Wildlife Refuge,Public Use Regulations,Regulations,regulations/chickasaw-national-wildlife-refuge-public-use.pdf,
Chickasaw National Wildlife Refuge,Hunting Regulations,Regulations,regulations/chickasaw-national-wildlife-refuge-hunt.pdf,
Choctaw National Wildlife Refuge,,Fact Sheet,fact-sheet/choctaw-national-wildlife-refuge.pdf,
Choctaw National Wildlife Refuge,Hunting Regulations,Regulations,regulations/choctaw-national-wildlife-refuge-hunt.pdf,
Choctaw National Wildlife Refuge,,General Brochure,brochure/choctaw-national-wildlife-refuge.pdf,
Choctaw National Wildlife Refuge,,Bird List,bird-list/choctaw-national-wildlife-refuge.pdf,
Clarks River National Wildlife Refuge,,Fact Sheet,fact-sheet/clarks-river-national-wildlife-refuge.pdf,
Clarks River National Wildlife Refuge,,General Brochure,brochure/clarks-river-national-wildlife-refuge.pdf,
Clarks River National Wildlife Refuge,,Bird List,bird-list/clarks-river-national-wildlife-refuge.pdf,
Clarks River National Wildlife Refuge,Hunting Regulations,Regulations,regulations/clarks-river-national-wildlife-refuge-hunt.pdf,
Coldwater River National Wildlife Refuge,,Fact Sheet,fact-sheet/coldwater-river-national-wildlife-refuge.pdf,
Crocodile Lake National Wildlife Refuge,,Fact Sheet,fact-sheet/crocodile-lake-national-wildlife-refuge.pdf,
Crocodile Lake National Wildlife Refuge,,General Brochure,brochure/crocodile-lake-national-wildlife-refuge.pdf,
Cross Creeks National Wildlife Refuge,,General Brochure,brochure/cross-creeks-national-wildlife-refuge.pdf,
Cross Creeks National Wildlife Refuge,,Bird List,bird-list/cross-creeks-national-wildlife-refuge.pdf,
Cross Creeks National Wildlife Refuge,,Fact Sheet,fact-sheet/cross-creeks-national-wildlife-refuge.pdf,
Cross Creeks National Wildlife Refuge,Hunting and Fishing Regulations,Regulations,regulations/cross-creeks-national-wildlife-refuge-hunt-fish.pdf,
Cross Creeks National Wildlife Refuge,Refuge Map,Map,map/cross-creeks-national-wildlife-refuge.pdf,
Cross Creeks National Wildlife Refuge,,Tearsheet,tearsheet/cross-creeks-national-wildlife-refuge.pdf,
Crystal River National Wildlife Refuge,,Fact Sheet,fact-sheet/crystal-river-national-wildlife-refuge.pdf,
Crystal River National Wildlife Refuge,,General Brochure,general-brochure/crystal-river-national-wildlife-refuge.pdf,
Crystal River National Wildlife Refuge,,Tearsheet,tearsheet/crystal-river-national-wildlife-refuge.pdf,
Culebra National Wildlife Refuge,Fact Sheet in English,Fact Sheet,fact-sheet/culebra-national-wildlife-refuge-english.pdf,
Culebra National Wildlife Refuge,Fact Sheet in Spanish,Fact Sheet,fact-sheet/culebra-national-wildlife-refuge-spanish.pdf,
Culebra National Wildlife Refuge,Bilingual Brochure and Map,General Brochure,brochure/culebra-national-wildlife-refuge.pdf,
Currituck National Wildlife Refuge,,Fact Sheet,fact-sheet/currituck-national-wildlife-refuge.pdf,
Currituck National Wildlife Refuge,Hunting Regulations,Regulations,regulations/currituck-national-wildlife-refuge-hunt.pdf,
Currituck National Wildlife Refuge,Hunt Map,Map,map/currituck-national-wildlife-refuge-hunt.pdf,
Dahomey National Wildlife Refuge,,Fact Sheet,fact-sheet/dahomey-national-wildlife-refuge.pdf,
D'Arbonne National Wildlife Refuge,,Fact Sheet,fact-sheet/darbonne-national-wildlife-refuge.pdf,
D'Arbonne National Wildlife Refuge,Hunting and Fishing Regulations,Regulations,regulations/darbonne-national-wildlife-refuge-hunt-fish.pdf,
North Louisiana Refuge Complex,,Bird List,bird-list/north-louisiana-national-wildlife-refuge-complex.pdf,
Delta National Wildlife Refuge,,Fact Sheet,fact-sheet/delta-national-wildlife-refuge.pdf,
Delta National Wildlife Refuge,Hunting and Fishing Regulations with Map,Regulations,regulations/delta-national-wildlife-refuge-hunt-fish.pdf,
Desecheo National Wildlife Refuge,,Fact Sheet,fact-sheet/desecheo-national-wildlife-refuge.pdf,
East Cove National Wildlife Refuge,,Fact Sheet,fact-sheet/east-cove-national-wildlife-refuge.pdf,
Egmont Key National Wildlife Refuge,,Fact Sheet,fact-sheet/egmont-key-national-wildlife-refuge.pdf,
Eufaula National Wildlife Refuge,,Fact Sheet,fact-sheet/eufaula-national-wildlife-refuge.pdf,
Eufaula National Wildlife Refuge,,General Brochure,brochure/eufaula-national-wildlife-refuge.pdf,
Eufaula National Wildlife Refuge,Hunting and Fishing Regulations,Regulations,regulations/eufaula-national-wildlife-refuge-hunt-fish.pdf,
Eufaula National Wildlife Refuge,Youth Hunt Application,Regulations,regulations/eufaula-national-wildlife-refuge-youth-hunt-application.pdf,
Eufaula National Wildlife Refuge,,Tearsheet,tearsheet/eufaula-national-wildlife-refuge.pdf,
Eufaula National Wildlife Refuge,,Bird List,bird-list/eufaula-national-wildlife-refuge.pdf,
Eufaula National Wildlife Refuge,Eufaula Wildlife Auto Tour,General Brochure,brochure/eufaula-national-wildlife-refuge-auto-tour.pdf,
Felsenthal National Wildlife Refuge,,Fact Sheet,fact-sheet/felsenthal-national-wildlife-refuge.pdf,
Felsenthal National Wildlife Refuge,Public Use Regulations and Map,Regulations,regulations/felsenthal-national-wildlife-refuge-public-use.pdf,
Felsenthal National Wildlife Refuge,Sand Prairie Trail Map,Map,map/felsenthal-national-wildlife-refuge-sand-prairie-trail.pdf,
Felsenthal National Wildlife Refuge,,Map,map/felsenthal-national-wildlife-refuge.pdf,
Fern Cave National Wildlife Refuge,,Fact Sheet,fact-sheet/fern-cave-national-wildlife-refuge.pdf,
Florida Keys National Wildlife Refuges Complex,,Tearsheet,tearsheet/florida-keys-national-wildlife-refuges-complex.pdf,
Florida Keys National Wildlife Refuges Complex,Help Keep Wildlife Wild,General Brochure,brochure/help-keep-wildlife-wild-key-deer.pdf,
Florida Keys National Wildlife Refuges Complex,,Tearsheet,tearsheet/key-west-and-great-white-heron-national-wildlife-refuges.pdf,
Florida Panther National Wildlife Refuge,,Species List,species-list/florida-panther-national-wildlife-refuge.pdf,
Florida Panther National Wildlife Refuge,,Fact Sheet,fact-sheet/florida-panther-national-wildlife-refuge.pdf,
Florida Panther National Wildlife Refuge,,General Brochure,brochure/florida-panther-national-wildlife-refuge.pdf,
Grand Bay National Wildlife Refuge,,Fact Sheet,fact-sheet/grand-bay-national-wildlife-refuge.pdf,
Grand Bay National Wildlife Refuge,Hunting Regulations,Regulations,regulations/grand-bay-national-wildlife-refuge-hunt.pdf,
Grand Cote National Wildlife Refuge,,Fact Sheet,fact-sheet/grand-cote-national-wildlife-refuge.pdf,
Grand Cote National Wildlife Refuge,,General Brochure,brochure/grand-cote-national-wildlife-refuge.pdf,
Grand Cote National Wildlife Refuge,,Tearsheet,tearsheet/grand-cote-national-wildlife-refuge.pdf,
Grand Cote National Wildlife Refuge,Hunting and Fishing Regulations,Regulations,regulations/grand-cote-national-wildlife-refuge-hunt-fish.pdf,
Great White Heron National Wildlife Refuge,,Fact Sheet,fact-sheet/great-white-heron-national-wildlife-refuge.pdf,
Great White Heron National Wildlife Refuge,,General Brochure,brochure/great-white-heron-national-wildlife-refuge.pdf,
Great White Heron National Wildlife Refuge,,Bird List,bird-list/great-white-heron-national-wildlife-refuge.pdf,
Green Cay National Wildlife Refuge,Fact Sheet in English,Fact Sheet,fact-sheet/green-cay-national-wildlife-refuge-english.pdf,
Green Cay National Wildlife Refuge,Fact Sheet in Spanish,Fact Sheet,fact-sheet/green-cay-national-wildlife-refuge-spanish.pdf,
Handy Brake National Wildlife Refuge,,Fact Sheet,fact-sheet/handy-brake-national-wildlife-refuge.pdf,
Harris Neck National Wildlife Refuge,,Bird List,bird-list/harris-neck-national-wildlife-refuge.pdf,
Harris Neck National Wildlife Refuge,,Fact Sheet,fact-sheet/harris-neck-national-wildlife-refuge.pdf,
Harris Neck National Wildlife Refuge,,General Brochure,brochure/harris-neck-national-wildlife-refuge.pdf,
Harris Neck National Wildlife Refuge,Trail Guide,General Brochure,brochure/harris-neck-national-wildlife-refuge-trail-guide.pdf,
Harris Neck National Wildlife Refuge,Hunting Regulations,Regulations,regulations/harris-neck-national-wildlife-refuge-hunt.pdf,
Harris Neck National Wildlife Refuge,,Rack Card,rack-card/harris-neck-national-wildlife-refuge.pdf,
Hatchie National Wildlife Refuge,,Fact Sheet,fact-sheet/hatchie-national-wildlife-refuge.pdf,
Hatchie National Wildlife Refuge,Hunting and Fishing Regulations,Regulations,regulations/hatchie-national-wildlife-refuge-hunt-fish.pdf,
Hatchie National Wildlife Refuge,Virtual Hunting and Fishing Regulations,Regulations,regulations/hatchie-national-wildlife-refuge-hunt-fish-virtual.pdf,
Hatchie National Wildlife Refuge,,General Brochure,brochure/hatchie-national-wildlife-refuge.pdf,
Hillside National Wildlife Refuge,,Fact Sheet,fact-sheet/hillside-national-wildlife-refuge.pdf,
Theodore Roosevelt National Wildlife Refuge Complex,Hunting and Fishing Regulations,Regulations,regulations/theodore-roosevelt-national-wildlife-refuge-complex-hunt.pdf,
Hobe Sound National Wildlife Refuge,,Fact Sheet,fact-sheet/hobe-sound-national-wildlife-refuge.pdf,
Holla Bend National Wildlife Refuge,,Fact Sheet,fact-sheet/holla-bend-national-wildlife-refuge.pdf,
Holla Bend National Wildlife Refuge,,General Brochure,brochure/holla-bend-national-wildlife-refuge.pdf,
Holla Bend National Wildlife Refuge,,Bird List,bird-list/holla-bend-national-wildlife-refuge.pdf,
Holla Bend National Wildlife Refuge,Public Use Regulations,Regulations,regulations/holla-bend-national-wildlife-refuge-public-use.pdf,
Holla Bend National Wildlife Refuge,,Tearsheet,tearsheet/holla-bend-national-wildlife-refuge.pdf,
Holt Collier National Wildlife Refuge,,Fact Sheet,fact-sheet/holt-collier-national-wildlife-refuge.pdf,
Holt Collier National Wildlife Refuge,Guiding Roosevelt through the Mississippi Canebreaks,General Brochure,brochure/holt-collier-national-wildlife-refuge-guiding-roosevelt.pdf,
Holt Collier National Wildlife Refuge,Holt Collier The Man,General Brochure,brochure/holt-collier-national-wildlife-refuge-holt-collier-the-man.pdf,
Holt Collier National Wildlife Refuge,Hunting and Fishing Regulations,Regulations,regulations/theodore-roosevelt-national-wildlife-refuge-complex-hunt.pdf,
Island Bay National Wildlife Refuge,,Fact Sheet,fact-sheet/island-bay-national-wildlife-refuge.pdf,
"J. N. ""Ding"" Darling National Wildlife Refuge",Amphibian and Reptile List,Species List,species-list/jn-ding-darling-national-wildlife-refuge.pdf,
"J. N. ""Ding"" Darling National Wildlife Refuge",,Fact Sheet,fact-sheet/jn-ding-darling-national-wildlife-refuge.pdf,
"J. N. ""Ding"" Darling National Wildlife Refuge",,General Brochure,brochure/jn-ding-darling-national-wildlife-refuge.pdf,
"J. N. ""Ding"" Darling National Wildlife Refuge",Refuge Map,Map,map/jn-ding-darling-national-wildlife-refuge.pdf,
Key Cave National Wildlife Refuge,,Fact Sheet,fact-sheet/key-cave-national-wildlife-refuge.pdf,
Key West National Wildlife Refuge,,Fact Sheet,fact-sheet/key-west-national-wildlife-refuge.pdf,
Key West National Wildlife Refuge,,Bird List,bird-list/key-west-national-wildlife-refuge.pdf,
Lacassine National Wildlife Refuge,,Bird List,bird-list/lacassine-national-wildlife-refuge.pdf,
Lacassine National Wildlife Refuge,,Fact Sheet,fact-sheet/lacassine-national-wildlife-refuge.pdf,
Lacassine National Wildlife Refuge,Fishing Regulations,Regulations,regulations/lacassine-national-wildlife-refuge-fish.pdf,
Lacassine National Wildlife Refuge,Fishing Map,Map,map/lacassine-national-wildlife-refuge-fish.pdf,
Lacassine National Wildlife Refuge,Hunting Regulations,Regulations,regulations/lacassine-national-wildlife-refuge-hunt.pdf,
Lacassine National Wildlife Refuge,,General Brochure,brochure/lacassine-national-wildlife-refuge.pdf,
Laguna Cartagena National Wildlife Refuge,Fact Sheet in English,Fact Sheet,fact-sheet/laguna-cartagena-national-wildlife-refuge-english.pdf,
Laguna Cartagena National Wildlife Refuge,Fact Sheet in Spanish,Fact Sheet,fact-sheet/laguna-cartagena-national-wildlife-refuge-spanish.pdf,
Lake Isom National Wildlife Refuge,,Fact Sheet,fact-sheet/lake-isom-national-wildlife-refuge.pdf,
Lake Isom National Wildlife Refuge,Public Use Regulations,Regulations,regulations/lake-isom-national-wildlife-refuge-public-use.pdf,
Lake Ophelia National Wildlife Refuge,,Fact Sheet,fact-sheet/lake-ophelia-national-wildlife-refuge.pdf,
Lake Ophelia National Wildlife Refuge,,General Brochure,brochure/lake-ophelia-national-wildlife-refuge.pdf,
Lake Ophelia National Wildlife Refuge,,Tearsheet,tearsheet/lake-ophelia-national-wildlife-refuge.pdf,
Lake Ophelia National Wildlife Refuge,Hunting and Fishing Regulations,Regulations,regulations/lake-ophelia-national-wildlife-refuge-hunt-fish.pdf,
Lake Ophelia National Wildlife Refuge,,Map,map/lake-ophelia-national-wildlife-refuge.pdf,
Lake Wales Ridge National Wildlife Refuge,,Fact Sheet,fact-sheet/lake-wales-ridge-national-wildlife-refuge.pdf,
Lake Woodruff National Wildlife Refuge,,Fact Sheet,fact-sheet/lake-woodruff-national-wildlife-refuge.pdf,
Lake Woodruff National Wildlife Refuge,,General Brochure,brochure/lake-woodruff-national-wildlife-refuge.pdf,
Lake Woodruff National Wildlife Refuge,Hunting Regulations,Regulations,regulations/lake-woodruff-national-wildlife-refuge-hunt.pdf,
Logan Cave National Wildlife Refuge,,Fact Sheet,fact-sheet/logan-cave-national-wildlife-refuge.pdf,
Lower Hatchie National Wildlife Refuge,,Fact Sheet,fact-sheet/lower-hatchie-national-wildlife-refuge.pdf,
Lower Hatchie National Wildlife Refuge,,General Brochure,brochure/lower-hatchie-national-wildlife-refuge.pdf,
Lower Hatchie National Wildlife Refuge,Public Use Regulations,Regulations,regulations/lower-hatchie-national-wildlife-refuge-public-use.pdf,
Lower Hatchie National Wildlife Refuge,Virtual Hunt Brochure,Regulations,regulations/lower-hatchie-national-wildlife-refuge-hunt.pdf,
Lower Suwannee (& Cedar Keys) National Wildlife Refuges,,Bird List,bird-list/lower-suwannee-cedar-keys-national-wildlife-refuges.pdf,
Lower Suwannee (& Cedar Keys) National Wildlife Refuges,,Fact Sheet,fact-sheet/lower-suwannee-cedar-keys-national-wildlife-refuges.pdf,
Lower Suwannee (& Cedar Keys) National Wildlife Refuges,Hunting Regulations,Regulations,regulations/lower-suwannee-cedar-keys-national-wildlife-refuges-hunt.pdf,
Lower Suwannee (& Cedar Keys) National Wildlife Refuges,,Tearsheet,tearsheet/lower-suwannee-cedar-keys-national-wildlife-refuges.pdf,
Lower Suwannee (& Cedar Keys) National Wildlife Refuges,Refuge Map,Map,map/lower-suwannee-cedar-keys-national-wildlife-refuges.pdf,
Lower Suwannee (& Cedar Keys) National Wildlife Refuges,,General Brochure,brochure/lower-suwannee-cedar-keys-national-wildlife-refuges.pdf,
Lower Suwannee (& Cedar Keys) National Wildlife Refuges,Dixie Mainline Trail Guide,General Brochure,brochure/lower-suwannee-cedar-keys-national-wildlife-refuges-dixie-mainline-trail-guide.pdf,
Lower Suwannee (& Cedar Keys) National Wildlife Refuges,Canoe Trails,General Brochure,brochure/lower-suwannee-cedar-keys-national-wildlife-refuges-canoe-trails.pdf,
Mackay Island National Wildlife Refuge,,Bird List,bird-list/mackay-island-national-wildlife-refuge.pdf,
Mackay Island National Wildlife Refuge,,General Brochure,brochure/mackay-island-national-wildlife-refuge.pdf,
Mackay Island National Wildlife Refuge,Deer Hunt Regulations,Regulations,regulations/mackay-island-national-wildlife-refuge-hunt.pdf,
Mandalay National Wildlife Refuge,,Fact Sheet,fact-sheet/mandalay-national-wildlife-refuge.pdf,
Mandalay National Wildlife Refuge,Hunting and Fishing Regulations and Map,Regulations,regulations/mandalay-national-wildlife-refuge-hunt-fish.pdf,
Mathews Brake National Wildlife Refuge,,Fact Sheet,fact-sheet/mathews-brake-national-wildlife-refuge.pdf,
Matlacha Pass National Wildlife Refuge,,Fact Sheet,fact-sheet/matlacha-pass-national-wildlife-refuge.pdf,
Mattamuskeet National Wildlife Refuge,,Fact Sheet,fact-sheet/mattamuskeet-national-wildlife-refuge.pdf,
Mattamuskeet National Wildlife Refuge,,General Brochure,brochure/mattamuskeet-national-wildlife-refuge.pdf,
Mattamuskeet National Wildlife Refuge,Hunting Regulations and Map,Regulations,regulations/mattamuskeet-national-wildlife-refuge-hunt.pdf,
Mattamuskeet National Wildlife Refuge,Fishing Regulations and Map,Regulations,regulations/mattamuskeet-national-wildlife-refuge-fishing.pdf,
Mattamuskeet National Wildlife Refuge,,Tearsheet,tearsheet/mattamuskeet-national-wildlife-refuge.pdf,
Mattamuskeet National Wildlife Refuge,,Species List,species-list/mattamuskeet-national-wildlife-refuge.pdf,
Merritt Island National Wildlife Refuge,,Fact Sheet,fact-sheet/merritt-island-national-wildlife-refuge.pdf,
Merritt Island National Wildlife Refuge,,General Brochure,brochure/merritt-island-national-wildlife-refuge.pdf,
Merritt Island National Wildlife Refuge,Refuge Map,Map,map/merritt-island-national-wildlife-refuge.pdf,
Merritt Island National Wildlife Refuge,,Tearsheet,tearsheet/merritt-island-national-wildlife-refuge.pdf,
Merritt Island National Wildlife Refuge,Hunting Regulations,Regulations,regulations/merritt-island-national-wildlife-refuge-hunt.pdf,
Merritt Island National Wildlife Refuge,Waterfowl Hunting Regulations,Regulations,regulations/merritt-island-national-wildlife-refuge-waterfowl.pdf,
Mississippi Sandhill Crane National Wildlife Refuge,,Fact Sheet,fact-sheet/mississippi-sandhill-crane-national-wildlife-refuge.pdf,
Morgan Brake National Wildlife Refuge,,Fact Sheet,fact-sheet/morgan-brake-national-wildlife-refuge.pdf,
Mountain Longleaf National Wildlife Refuge,,Fact Sheet,fact-sheet/mountain-longleaf-national-wildlife-refuge.pdf,
Mountain Longleaf National Wildlife Refuge,,General Brochure,brochure/mountain-longleaf-national-wildlife-refuge.pdf,
National Key Deer Refuge,,Fact Sheet,fact-sheet/national-key-deer-refuge.pdf,
National Key Deer Refuge,,Tearsheet,tearsheet/national-key-deer-refuge.pdf,
National Key Deer Refuge,,Bird List,bird-list/national-key-deer-refuge.pdf,
Navassa National Wildlife Refuge,Fact Sheet in English,Fact Sheet,fact-sheet/navassa-national-wildlife-refuge-english.pdf,
Navassa National Wildlife Refuge,Fact Sheet in Spanish,Fact Sheet,fact-sheet/navassa-national-wildlife-refuge-spanish.pdf,
North Mississippi Refuges Complex,Hunting Regulations and Map,Regulations,regulations/north-mississippi-refuges-complex-hunt.pdf,
North Mississippi Refuges Complex,Fishing Regulations,Regulations,regulations/north-mississippi-refuges-complex-fishing.pdf,
Noxubee National Wildlife Refuge,,Fact Sheet,fact-sheet/noxubee-national-wildlife-refuge.pdf,
Noxubee National Wildlife Refuge,,General Brochure,brochure/noxubee-national-wildlife-refuge.pdf,
Noxubee National Wildlife Refuge,Trail Guide,General Brochure,brochure/noxubee-national-wildlife-refuge-trail-guide.pdf,
Noxubee National Wildlife Refuge,Hunting Regulations,Regulations,regulations/noxubee-national-wildlife-refuge-hunt.pdf,
Noxubee National Wildlife Refuge,Refuge Map,Map,map/noxubee-national-wildlife-refuge.pdf,
Okefenokee National Wildlife Refuge,"Amphibians, Fish, Mammals, & Reptiles List",Species List,species-list/okefenokee-national-wildlife-refuge.pdf,
Okefenokee National Wildlife Refuge,,Bird List,bird-list/okefenokee-national-wildlife-refuge.pdf,
Okefenokee National Wildlife Refuge,,Fact Sheet,fact-sheet/okefenokee-national-wildlife-refuge.pdf,
Okefenokee National Wildlife Refuge,Hunting Regulations,Regulations,regulations/okefenokee-national-wildlife-refuge-hunt.pdf,
Okefenokee National Wildlife Refuge,Swamp Island Drive Trail Guide,General Brochure,brochure/okefenokee-national-wildlife-refuge-swamp-island-drive-trail-guide.pdf,
Okefenokee National Wildlife Refuge,Swamp Walk Trail Guide,General Brochure,brochure/okefenokee-national-wildlife-refuge-swamp-walk-trail-guide.pdf,
Okefenokee National Wildlife Refuge,,Tearsheet,tearsheet/okefenokee-national-wildlife-refuge.pdf,
Okefenokee National Wildlife Refuge,,General Brochure,brochure/okefenokee-national-wildlife-refuge.pdf,
Okefenokee National Wildlife Refuge,Refuge Map,Map,map/okefenokee-national-wildlife-refuge.pdf,
Overflow National Wildlife Refuge,,Fact Sheet,fact-sheet/overflow-national-wildlife-refuge.pdf,
Overflow National Wildlife Refuge,,General Brochure,brochure/overflow-national-wildlife-refuge.pdf,
Overflow National Wildlife Refuge,Public Use Regulations and Map,Regulations,regulations/overflow-national-wildlife-refuge-public-use.pdf,
Panther Swamp National Wildlife Refuge,,Fact Sheet,fact-sheet/panther-swamp-national-wildlife-refuge.pdf,
Passage Key National Wildlife Refuge,,Fact Sheet,fact-sheet/passage-key-national-wildlife-refuge-history.pdf,
Passage Key National Wildlife Refuge,"Passage Key and the AmericanWildlife Conservation Movement",Fact Sheet,fact-sheet-passage-key-nwr-history/passage-key-national-wildlife-refuge.pdf,
Pea Island National Wildlife Refuge,,Fact Sheet,fact-sheet/pea-island-national-wildlife-refuge.pdf,
Pea Island National Wildlife Refuge,,Tearsheet,tearsheet/pea-island-national-wildlife-refuge.pdf,
Pea Island National Wildlife Refuge,Birds of the Outer Banks,Bird List,bird-list/pea-island-national-wildlife-refuge.pdf,
Pea Island National Wildlife Refuge,Fishing Regulations,Regulations,regulations/pea-island-national-wildlife-refuge-fishing.pdf,
Pee Dee National Wildlife Refuge,,Fact Sheet,fact-sheet/pee-dee-national-wildlife-refuge.pdf,
Pee Dee National Wildlife Refuge,,General Brochure,brochure/pee-dee-national-wildlife-refuge.pdf,
Pee Dee National Wildlife Refuge,,Bird List,bird-list/pee-dee-national-wildlife-refuge.pdf,
Pee Dee National Wildlife Refuge,Fishing Regulations,Regulations,regulations/pee-dee-national-wildlife-refuge-fish.pdf,
Pee Dee National Wildlife Refuge,Hunting Regulations,Regulations,regulations/pee-dee-national-wildlife-refuge-hunt.pdf,
Pee Dee National Wildlife Refuge,Hunt Map,Map,map/pee-dee-national-wildlife-refuge-hunt.pdf,
Pelican Island National Wildlife Refuge,,General Brochure,brochure/pelican-island-national-wildlife-refuge.pdf,
Piedmont National Wildlife Refuge,,Bird List,bird-list/piedmont-national-wildlife-refuge.pdf,
Piedmont National Wildlife Refuge,,Fact Sheet,fact-sheet/piedmont-national-wildlife-refuge.pdf,
Piedmont National Wildlife Refuge,Fishing Regulations,Regulations,regulations/piedmont-national-wildlife-refuge-fishing.pdf,
Piedmont National Wildlife Refuge,Hunting Regulations,Regulations,regulations/piedmont-national-wildlife-refuge-hunt.pdf,
Piedmont National Wildlife Refuge,,Tearsheet,tearsheet/piedmont-national-wildlife-refuge.pdf,
Piedmont National Wildlife Refuge,Cemetery Brochure,General Brochure,brochure/piedmont-national-wildlife-refuge-cemetery.pdf,
Piedmont National Wildlife Refuge,Cemetery Map,Map,map/piedmont-national-wildlife-refuge-cemetery.pdf,
Pinckney Island National Wildlife Refuge,,Fact Sheet,fact-sheet/pinckney-island-national-wildlife-refuge.pdf,
Pinckney Island National Wildlife Refuge,,Map,map/pinckney-island-national-wildlife-refuge.pdf,
Pinckney Island National Wildlife Refuge,,General Brochure,brochure/pinckney-island-national-wildlife-refuge.pdf,
Pinckney Island National Wildlife Refuge,Trail Guide and Map,General Brochure,brochure/pinckney-island-national-wildlife-refuge-map-and-trail-guide.pdf,
Pinckney Island National Wildlife Refuge,Hunting Regulations,Regulations,regulations/pinckney-island-national-wildlife-refuge-hunt.pdf,
Pinckney Island National Wildlife Refuge,,Rack Card,rack-card/pinckney-island-national-wildlife-refuge.pdf,
Pine Island National Wildlife Refuge,,Fact Sheet,fact-sheet/pine-island-national-wildlife-refuge.pdf,
Pinellas National Wildlife Refuge,,Fact Sheet,fact-sheet/pinellas-national-wildlife-refuge.pdf,
Pocosin Lakes National Wildlife Refuge,,Fact Sheet,fact-sheet/pocosin-lakes-national-wildlife-refuge.pdf,
Pocosin Lakes National Wildlife Refuge,,General Brochure,brochure/pocosin-lakes-national-wildlife-refuge.pdf,
Pocosin Lakes National Wildlife Refuge,,Tearsheet,tearsheet/pocosin-lakes-national-wildlife-refuge.pdf,
Pocosin Lakes National Wildlife Refuge,Hunting Regulations,Regulations,regulations/pocosin-lakes-national-wildlife-refuge-hunt.pdf,
Pocosin Lakes National Wildlife Refuge,,Map,map/pocosin-lakes-national-wildlife-refuge.pdf,
Pocosin Lakes National Wildlife Refuge,,Species List,species-list/pocosin-lakes-national-wildlife-refuge.pdf,
Pocosin Lakes National Wildlife Refuge,Pungo Unit Regulations,Regulations,regulations/pocosin-lakes-national-wildlife-refuge-pungo-unit.pdf,
Pocosin Lakes National Wildlife Refuge,Pungo Unit Map,Map,map/pocosin-lakes-national-wildlife-refuge-pungo-unit.pdf,
Pocosin Lakes National Wildlife Refuge,Clayton Road Blocks Project Fact Sheet,Fact Sheet,fact-sheet/pocosin-lakes-national-wildlife-refuge-clayton-road-blocks-project.pdf,
Pond Creek National Wildlife Refuge,,Fact Sheet,fact-sheet/pond-creek-national-wildlife-refuge.pdf,
Pond Creek National Wildlife Refuge,,General Brochure,brochure/pond-creek-national-wildlife-refuge.pdf,
Pond Creek National Wildlife Refuge,Public Use Regulations and Map,Regulations,regulations/pond-creek-national-wildlife-refuge-public-use.pdf,
Red River National Wildlife Refuge,,Bird List,bird-list/red-river-national-wildlife-refuge.pdf,
Red River National Wildlife Refuge,,Fact Sheet,fact-sheet/red-river-national-wildlife-refuge.pdf,
Red River National Wildlife Refuge,Hunt Regulations and Map,Regulations,regulations/red-river-national-wildlife-refuge-hunt.pdf,
Reelfoot National Wildlife Refuge,Backyard Watchable Wildlife Habitat,General Brochure,brochure/reelfoot-national-wildlife-refuge-backyard-watchable-wildlife-habitat.pdf,
Reelfoot National Wildlife Refuge,,Bird List,bird-list/reelfoot-national-wildlife-refuge.pdf,
Reelfoot National Wildlife Refuge,,Fact Sheet,fact-sheet/reelfoot-national-wildlife-refuge.pdf,
Reelfoot National Wildlife Refuge,,General Brochure,brochure/reelfoot-national-wildlife-refuge.pdf,
Reelfoot National Wildlife Refuge,Public Use Regulations,Regulations,regulations/reelfoot-national-wildlife-refuge-public-use.pdf,
Reelfoot National Wildlife Refuge,Printer Friendly Public Use Regulations,Regulations,regulations/reelfoot-national-wildlife-refuge-virtual.pdf,
Roanoke River National Wildlife Refuge,,Fact Sheet,fact-sheet/roanoke-river-national-wildlife-refuge.pdf,
Roanoke River National Wildlife Refuge,,Bird List,bird-list/roanoke-river-national-wildlife-refuge.pdf,
Roanoke River National Wildlife Refuge,,General Brochure,brochure/roanoke-river-national-wildlife-refuge.pdf,
Roanoke River National Wildlife Refuge,Roanoke River Kuralt Trail,General Brochure,brochure/roanoke-river-national-wildlife-refuge-kuralt-trail.pdf,
Sabine National Wildlife Refuge,,Bird List,bird-list/sabine-national-wildlife-refuge.pdf,
Sabine National Wildlife Refuge,,Fact Sheet,fact-sheet/sabine-national-wildlife-refuge.pdf,
Sabine National Wildlife Refuge,,Tearsheet,tearsheet/sabine-national-wildlife-refuge.pdf,
Sabine National Wildlife Refuge,Fishing Regulations,Regulations,regulations/sabine-national-wildlife-refuge-fishing.pdf,
Sabine National Wildlife Refuge,Fishing Map,Map,map/sabine-national-wildlife-refuge-fishing.pdf,
Southwest Louisiana National Wildlife Refuge Complex,Hunting Regulations,Regulations,regulations/southwest-louisiana-national-wildlife-refuge-complex-hunt.pdf,
Sabine National Wildlife Refuge,Hunting Regulations,Regulations,regulations/sabine-national-wildlife-refuge-hunt.pdf,
Sabine National Wildlife Refuge,Cast Netting Regulations and Permit,Regulations,regulations/sabine-national-wildlife-refuge-cast-netting.pdf,
Sabine National Wildlife Refuge,,General Brochure,brochure/sabine-national-wildlife-refuge.pdf,
Sabine National Wildlife Refuge,Wetland Walkway Guide,General Brochure,brochure/sabine-national-wildlife-refuge-wetland-walkway.pdf,
Sandy Point National Wildlife Refuge,Fact Sheet in English,Fact Sheet,fact-sheet/sandy-point-national-wildlife-refuge-english.pdf,
Sandy Point National Wildlife Refuge,Fact Sheet in Spanish,Fact Sheet,fact-sheet/sandy-point-national-wildlife-refuge-spanish.pdf,
Santee National Wildlife Refuge,,Bird List,bird-list/santee-national-wildlife-refuge.pdf,
Santee National Wildlife Refuge,,Fact Sheet,fact-sheet/santee-national-wildlife-refuge.pdf,
Santee National Wildlife Refuge,,General Brochure,brochure/santee-national-wildlife-refuge.pdf,
Santee National Wildlife Refuge,,Tearsheet,tearsheet/santee-national-wildlife-refuge.pdf,
Santee National Wildlife Refuge,Hunting Regulations,Regulations,regulations/santee-national-wildlife-refuge-hunt.pdf,
Santee National Wildlife Refuge,Fishing Regulations,Regulations,regulations/santee-national-wildlife-refuge-fishing.pdf,
Sauta Cave National Wildlife Refuge,,Fact Sheet,fact-sheet/sauta-cave-national-wildlife-refuge.pdf,
Savannah National Wildlife Refuge,,Bird List,bird-list/savannah-national-wildlife-refuge.pdf,
Savannah National Wildlife Refuge,,Fact Sheet,fact-sheet/savannah-national-wildlife-refuge.pdf,
Savannah National Wildlife Refuge,Fishing Regulations,Regulations,regulations/savannah-coastal-refuges-complex-fishing.pdf,
Savannah National Wildlife Refuge,,Rack Card,rack-card/savannah-national-wildlife-refuge.pdf,
Savannah National Wildlife Refuge,,Tearsheet,tearsheet/savannah-national-wildlife-refuge.pdf,
Shell Keys National Wildlife Refuge,,Fact Sheet,fact-sheet/shell-keys-national-wildlife-refuge.pdf,
Shell Keys National Wildlife Refuge,,General Brochure,brochure/shell-keys-national-wildlife-refuge.pdf,
Southeast Louisiana National Wildlife Refuges Complex,,General Brochure,brochure/southeast-louisiana-national-wildlife-refuges-complex.pdf,
St. Catherine Creek National Wildlife Refuge,,Fact Sheet,fact-sheet/st-catherine-creek-national-wildlife-refuge.pdf,
St. Catherine Creek National Wildlife Refuge,,General Brochure,brochure/st-catherine-creek-national-wildlife-refuge.pdf,
St. Catherine Creek National Wildlife Refuge,Hunting and Fishing Regulations,Regulations,regulations/st-catherine-creek-national-wildlife-refuge-hunt-fish.pdf,
St. Catherine Creek National Wildlife Refuge,Hunting and Fishing Map,Map,map/st-catherine-creek-national-wildlife-refuge-hunt-fish.pdf,
St. Johns National Wildlife Refuge,,Fact Sheet,fact-sheet/st-johns-national-wildlife-refuge.pdf,
St. Marks National Wildlife Refuge,,General Brochure,brochure/st-marks-national-wildlife-refuge.pdf,
St. Marks National Wildlife Refuge,Amphibian and Reptile List,Species List,species-list/st-marks-national-wildlife-refuge.pdf,
St. Marks National Wildlife Refuge,,Bird List,bird-list/st-marks-national-wildlife-refuge.pdf,
St. Marks National Wildlife Refuge,,Fact Sheet,fact-sheet/st-marks-national-wildlife-refuge.pdf,
St. Marks National Wildlife Refuge,Young People's Check List,General Brochure,brochure/st-marks-national-wildlife-refuge-young-peoples-checklist.pdf,
St. Marks National Wildlife Refuge,Hunting Regulations,Regulations,regulations/st-marks-national-wildlife-refuge-hunt.pdf,
St. Marks National Wildlife Refuge,Primitive Walking Trails,Map,map/st-marks-national-wildlife-refuge-primitive-walking-trails.pdf,
St. Vincent National Wildlife Refuge,,Fact Sheet,fact-sheet/st-vincent-national-wildlife-refuge.pdf,
St. Vincent National Wildlife Refuge,,General Brochure,brochure/st-vincent-national-wildlife-refuge.pdf,
St. Vincent National Wildlife Refuge,,Bird List,bird-list/st-vincent-national-wildlife-refuge.pdf,
St. Vincent National Wildlife Refuge,"Fish, Amphibian, Reptile and Mammal List",Species List,species-list/st-vincent-national-wildlife-refuge.pdf,
St. Vincent National Wildlife Refuge,Fishing Regulations,Regulations,regulations/st-vincent-national-wildlife-refuge-fishing.pdf,
St. Vincent National Wildlife Refuge,Hunting Regulations,Regulations,regulations/st-vincent-national-wildlife-refuge-hunt.pdf,
Swanquarter National Wildlife Refuge,,Fact Sheet,fact-sheet/swanquarter-national-wildlife-refuge.pdf,
Tallahatchie National Wildlife Refuge,,Fact Sheet,fact-sheet/tallahatchie-national-wildlife-refuge.pdf,
Ten Thousand Islands National Wildlife Refuge,,Fact Sheet,fact-sheet/ten-thousand-islands-national-wildlife-refuge.pdf,
Ten Thousand Islands National Wildlife Refuge,Hunting Regulations and Map,Regulations,regulations/ten-thousand-islands-national-wildlife-refuge-hunt.pdf,
Ten Thousand Islands National Wildlife Refuge,Amphibian and Reptile List,Species List,species-list/ten-thousand-islands-national-wildlife-refuge.pdf,
Ten Thousand Islands National Wildlife Refuge,,Tearsheet,tearsheet/ten-thousand-islands-national-wildlife-refuge.pdf,
Tennessee National Wildlife Refuge,"Amphibians, Fish, Mammals and Reptiles List",Species List,species-list/tennessee-national-wildlife-refuge.pdf,
Tennessee National Wildlife Refuge,,Bird List,bird-list/tennessee-national-wildlife-refuge.pdf,
Tennessee National Wildlife Refuge,,Fact Sheet,fact-sheet/tennessee-national-wildlife-refuge.pdf,
Tennessee National Wildlife Refuge,,General Brochure,brochure/tennessee-national-wildlife-refuge.pdf,
Tennessee National Wildlife Refuge,Hunting and Fishing Regulations,Regulations,regulations/tennessee-national-wildlife-refuge-hunt-fish.pdf,
Tennessee National Wildlife Refuge,Refuge Map,Map,map/tennessee-national-wildlife-refuge.pdf,
Tennessee National Wildlife Refuge,Fishing Map - Duck River Bottoms,Map,map/tennessee-national-wildlife-refuge-duck-river-bottoms-fishing.pdf,
Tensas River National Wildlife Refuge,,Fact Sheet,fact-sheet/tensas-river-national-wildlife-refuge.pdf,
Tensas River National Wildlife Refuge,,General Brochure,brochure/tensas-river-national-wildlife-refuge.pdf,
Tensas River National Wildlife Refuge,Hunting Regulations and Map,Regulations,regulations/tensas-river-national-wildlife-refuge-hunt.pdf,
Tensas River National Wildlife Refuge,,Bird List,bird-list/tensas-river-national-wildlife-refuge.pdf,
Theodore Roosvelt National Wildlife Refuge Complex,,Fact Sheet,fact-sheet/theodore-roosvelt-national-wildlife-refuge-complex.pdf,
Theodore Roosvelt National Wildlife Refuge Complex,Hunt and Fish Regulations and Refuge Map,Regulations,regulations/theodore-roosvelt-national-wildlife-refuge-complex-hunt-fish.pdf,
Tybee National Wildlife Refuge,,General Brochure,brochure/tybee-national-wildlife-refuge.pdf,
Tybee National Wildlife Refuge,,Bird List,bird-list/savannah-coastal-refuges-complex.pdf,
Tybee National Wildlife Refuge,,Fact Sheet,fact-sheet/tybee-national-wildlife-refuge.pdf,
Upper Ouachita National Wildlife Refuge,,Fact Sheet,fact-sheet/upper-ouachita-national-wildlife-refuge.pdf,
Upper Ouachita National Wildlife Refuge,Hunting and Fishing Regulations,Regulations,regulations/upper-ouachita-national-wildlife-refuge-hunt-fish.pdf,
Upper Ouachita National Wildlife Refuge,Hunt Map,Map,map/upper-ouachita-national-wildlife-refuge-hunt.pdf,
Vieques National Wildlife Refuge,Fact Sheet in English,Fact Sheet,fact-sheet/vieques-national-wildlife-refuge-english.pdf,
Vieques National Wildlife Refuge,Fact Sheet in Spanish,Fact Sheet,fact-sheet/vieques-national-wildlife-refuge-spanish.pdf,
Vieques National Wildlife Refuge,General Brochure in English,General Brochure,brochure/vieques-national-wildlife-refuge-english.pdf,
Vieques National Wildlife Refuge,General Brochure in Spanish,General Brochure,brochure/vieques-national-wildlife-refuge-spanish.pdf,
Vieques National Wildlife Refuge,Refuge Map in English,Map,map/vieques-national-wildlife-refuge-english.pdf,
Vieques National Wildlife Refuge,Refuge Map in Spanish,Map,map/vieques-national-wildlife-refuge-spanish.pdf,
Waccamaw National Wildlife Refuge,,Fact Sheet,fact-sheet/waccamaw-national-wildlife-refuge.pdf,
Waccamaw National Wildlife Refuge,Hunting Regulations,Regulations,regulations/waccamaw-national-wildlife-refuge-hunt.pdf,
Waccamaw National Wildlife Refuge,Hunting Map,Map,map/waccamaw-national-wildlife-refuge-hunt.pdf,
Waccamaw National Wildlife Refuge,,Tearsheet,tearsheet/waccamaw-national-wildlife-refuge.pdf,
Waccamaw National Wildlife Refuge,,Bird List,bird-list/waccamaw-national-wildlife-refuge.pdf,
Wapanocca National Wildlife Refuge,,Fact Sheet,fact-sheet/wapanocca-national-wildlife-refuge.pdf,
Wapanocca National Wildlife Refuge,,Bird List,bird-list/wapanocca-national-wildlife-refuge.pdf,
Wapanocca National Wildlife Refuge,Hunting and Fishing Regulations,Regulations,regulations/wapanocca-national-wildlife-refuge-hunt-fish.pdf,
Wassaw National Wildlife Refuge,,Fact Sheet,fact-sheet/wassaw-national-wildlife-refuge.pdf,
Wassaw National Wildlife Refuge,Hunting Regulations,Regulations,regulations/wassaw-national-wildlife-refuge-hunt.pdf,
Wassaw National Wildlife Refuge,,Bird List,bird-list/savannah-coastal-refuges-complex.pdf,
Wassaw National Wildlife Refuge,,General Brochure,brochure/savanah-coasta-refuges-complex.pdf,
Wassaw National Wildlife Refuge,,Rack Card,rack-card/wassaw-national-wildlife-refuge.pdf,
Watercress Darter National Wildlife Refuge,,Fact Sheet,fact-sheet/watercress-darter-national-wildlife-refuge.pdf,
Wheeler National Wildlife Refuge,,Fact Sheet,fact-sheet/wheeler-national-wildlife-refuge.pdf,
Wheeler National Wildlife Refuge,Hunting Regulations,Regulations,regulations/wheeler-national-wildlife-refuge-hunt.pdf,
Wheeler National Wildlife Refuge,Junior Refuge Ranger Activity Booklet,General Brochure,brochure/wheeler-national-wildlife-refuge-junior-refuge-ranger-activity-booklet.pdf,
Wheeler National Wildlife Refuge,,Tearsheet,tearsheet/wheeler-national-wildlife-refuge.pdf,
Wheeler National Wildlife Refuge,,General Brochure,brochure/wheeler-national-wildlife-refuge.pdf,
Wheeler National Wildlife Refuge,Fishing Regulations,Regulations,regulations/wheeler-national-wildlife-refuge-fishing.pdf,
White River National Wildlife Refuge,,Bird List,bird-list/white-river-national-wildlife-refuge.pdf,
White River National Wildlife Refuge,,Fact Sheet,fact-sheet/white-river-national-wildlife-refuge.pdf,
White River National Wildlife Refuge,,General Brochure,brochure/white-river-national-wildlife-refuge.pdf,
White River National Wildlife Refuge,Hunting Regulations,Regulations,regulations/white-river-national-wildlife-refuge-hunt.pdf,
White River National Wildlife Refuge,Hunting Map,Map,map/white-river-national-wildlife-refuge-hunt.pdf,
Wolf Island National Wildlife Refuge,,Fact Sheet,fact-sheet/wolf-island-national-wildlife-refuge.pdf,
Wolf Island National Wildlife Refuge,,Bird List,bird-list/savannah-coastal-refuges-complex.pdf,
Wolf Island National Wildlife Refuge,,General Brochure,brochure/savannah-coastal-refuges-complex.pdf,
Yazoo National Wildlife Refuge,,Fact Sheet,fact-sheet/yazoo-national-wildlife-refuge.pdf,
Yazoo National Wildlife Refuge,Hunting and Fishing Regulations,Regulations,regulations/theodore-roosevelt-national-wildlife-refuge-complex-hunt.pdf,
Yazoo National Wildlife Refuge,Youth Deer Hunt Application,Regulations,regulations/yazoo-national-wildlife-refuge-youth-deer-hunt-application.pdf,
Yazoo National Wildlife Refuge,Youth Waterfowl Hunt Application,Regulations,regulations/yazoo-national-wildlife-refuge-youth-waterfowl-hunt-application.pdf,
Yazoo National Wildlife Refuge,Brown Tract Hunting Map,Map,map/yazoo-national-wildlife-refuge-brown-tract-hunting-map.pdf,