commonName,taxon,status,reviewDate,url,notes
Dusky gopher frog,Amphibian,Endangered,2015-09-09,/pdf/five-year-reviews/dusky-gopher-frog.pdf,
Golden Coqui,Amphibian,Endangered,2013-09-30,/pdf/five-year-reviews/golden-coqui.pdf,
Flatwoods Salamander,Amphibian,Threatened,2009-02-10,,
Red Hills Salamander,Amphibian,Threatened,2013-05-16,/pdf/five-year-reviews/red-hills-salamander.pdf,
Reticulated Flatwoods Salamander,Amphibian,Endangered,2015-08-05,/pdf/five-year-reviews/reticulated-flatwoods-salamander.pdf,
Frosted Flatwoods Salamander,Amphibian,Threatened,,,
Puerto Rican Crested Toad,Amphibian,Threatened,2016-06-21,/pdf/five-year-reviews/puerto-rican-crested-toad.pdf,
Guajón or Puerto Rican Demon,Amphibian,Threatened,2011-04-20,/pdf/five-year-reviews/guajon.pdf,
St. Croix Ground Lizard,Amphibian,Endangered,2013-08-21,/pdf/five-year-reviews/st-croix-ground-lizard.pdf,
Interior Least Tern,Bird,Endangered,2013-10-24,/pdf/five-year-reviews/interior-least-tern.pdf,
Bachman's Warbler,Bird,Endangered,2007-02-09,/pdf/five-year-reviews/bachmans-warbler-2007.pdf,
Bachman's Warbler,Bird,Endangered,2015-05-06,/pdf/five-year-reviews/bachmans-warbler-2015.pdf,
Cahow or Bermuda Petrel,Bird,Endangered,2013-10-30,/pdf/five-year-reviews/cahow.pdf,
Cape Sable Seaside Sparrow,Bird,Endangered,2010-08-18,/pdf/five-year-reviews/cape-sable-seaside-sparrow.pdf,
Everglades Snail Kite,Bird,Endangered,2007-09-27,/pdf/five-year-reviews/everglades-snail-kite.pdf,*
Florida Grasshopper Sparrow,Bird,Endangered,2008-09-30,/pdf/five-year-reviews/florida-grasshopper-sparrow.pdf,
Florida Scrub-Jay,Bird,Threatened,2007-09-28,/pdf/five-year-reviews/florida-scrub-jay.pdf,
Northern Crested Caracara,Bird,Endangered,2009-08-14,/pdf/five-year-reviews/audubons-crested-caracara.pdf,
Puerto Rican Broad-Winged Hawk,Bird,Endangered,2010-10-28,/pdf/five-year-reviews/puerto-rican-broad-winged-hawk.pdf,
Puerto Rican Nightjar,Bird,Endangered,2012-08-16,/pdf/five-year-reviews/puerto-rican-nightjar.pdf,
Puerto Rican Parrot,Bird,Endangered,2008-09-26,/pdf/five-year-reviews/puerto-rican-parrot.pdf,
Puerto Rican Plain Pigeon,Bird,Endangered,2011-11-22,/pdf/five-year-reviews/puerto-rican-plain-pigeon.pdf,
Red-Cockaded Woodpecker,Bird,Endangered,2006-10-02,/pdf/five-year-reviews/red-cockaded-woodpecker.pdf,
White necked crow,Bird,Endangered,2015-08-24,/pdf/five-year-reviews/white-necked-crow.pdf,
Wood Stork,Bird,Threatened,2007-09-21,/pdf/five-year-reviews/wood-stork.pdf,**
Yellow-shouldered Blackbird,Bird,Endangered,2011-02-02,/pdf/five-year-reviews/yellow-shouldered-blackbird.pdf,
Benton County Cave Crawfish,Crustacean,Endangered,2013-05-10,/pdf/five-year-reviews/benton-county-cave-crayfish.pdf,
Hell Creek Cave Crayfish,Crustacean,Endangered,2012-08-15,/pdf/five-year-reviews/hell-creek-cave-crayfish.pdf,
Kentucky Cave Shrimp,Crustacean,Endangered,2010-04-30,/pdf/five-year-reviews/kentucky-cave-shrimp.pdf,
Squirrel Chimney Cave Shrimp,Crustacean,Threatened,2008-06-28,/pdf/five-year-reviews/squirrel-chimney-cave-shrimp.pdf,
Alabama Cave Shrimp,Crustacean,Endangered,2006-08-29,/pdf/five-year-reviews/alabama-cave-shrimp-2006.pdf,
Alabama Cave Shrimp,Crustacean,Endangered,2016-01-11,/pdf/five-year-reviews/alabama-cave-shrimp-2016.pdf,
Alabama Sturgeon,Fish,Endangered,2010-11-09,/pdf/five-year-reviews/alabama-sturgeon.pdf,
Amber darter,Fish,Endangered,2014-10-21,/pdf/five-year-reviews/etowah-fishes.pdf,
Bayou Darter,Fish,Threatened,2012-05-09,/pdf/five-year-reviews/bayou-darter.pdf,
Blackside Dace,Fish,Threatened,2015-09-16,/pdf/five-year-reviews/blackside-dace.pdf,
Blue Shiner,Fish,Threatened,2014-10-14,/pdf/five-year-reviews/blue-shiner.pdf,
Bluemask Darter,Fish,Endangered,2013-12-27,/pdf/five-year-reviews/bluemask-darter.pdf,
Boulder Darter,Fish,Endangered,2009-09-18,/pdf/five-year-reviews/boulder-darter.pdf,
Cahaba shiner,Fish,Endangered,2016-06-29,/pdf/five-year-reviews/cahaba-shiner.pdf,
Cherokee Darter,Fish,Threatened,2014-10-21,/pdf/five-year-reviews/etowah-fishes.pdf,
Conasauga Logperch,Fish,Endangered,2011-12-16,/pdf/five-year-reviews/conasauga-logperch.pdf,
Duskytail Darter,Fish,Endangered,2012-08-01,/pdf/five-year-reviews/duskytail-darter.pdf,
Etowah Darter,Fish,Endangered,2014-10-21,/pdf/five-year-reviews/etowah-fishes.pdf,
Goldline Darter,Fish,Threatened,2015-05-12,/pdf/five-year-reviews/goldline-darter.pdf,
Gulf Sturgeon,Fish,Threatened,2009-09-30,/pdf/five-year-reviews/gulf-sturgeon.pdf,
Okaloosa Darter,Fish,Threatened,2007-07-02,/pdf/five-year-reviews/okaloosa-darter.pdf,
Ozark Cavefish,Fish,Threatened,2011-09-09,/pdf/five-year-reviews/ozark-cavefish.pdf,
Palezone shiner,Fish,Endangered,2014-05-30,/pdf/five-year-reviews/palezone-shiner.pdf,
Pygmy Madtom,Fish,Endangered,2009-10-09,/pdf/five-year-reviews/pygmy-madtom.pdf,
Pygmy Sculpin,Fish,Threatened,2008-07-28,/pdf/five-year-reviews/pygmy-sculpin.pdf,
Relict Darter,Fish,Endangered,2013-08-09,/pdf/five-year-reviews/relict-darter.pdf,
Slackwater Darter,Fish,Threatened,2008-06-24,/pdf/five-year-reviews/slackwater-darter.pdf,
Slender Chub,Fish,Threatened,2014-03-19,/pdf/five-year-reviews/slender-chub.pdf,
Smoky Madtom,Fish,Endangered,2012-01-27,/pdf/five-year-reviews/yellowfin-and-smokey-madtom.pdf,
Snail Darter,Fish,Threatened,2013-03-18,/pdf/five-year-reviews/snail-darter.pdf,
Vermilion Darter,Fish,Endangered,2011-08-30,/pdf/five-year-reviews/vermilion-darter.pdf,
Waccamaw Silverside,Fish,Threatened,2011-02-10,/pdf/five-year-reviews/waccamaw-silverside.pdf,
Watercress Darter,Fish,Endangered,2009-08-28,/pdf/five-year-reviews/watercress-darter.pdf,
Yellowfin Madtom,Fish,Threatened,2012-02-28,/pdf/five-year-reviews/yellowfin-and-smokey-madtom.pdf,
Saint Francis’ Satyr,Insect,Endangered,2013-12-26,/pdf/five-year-reviews/saint-francis-satyr.pdf,
Schaus Swallowtail,Insect,Endangered,2008-09-30,/pdf/five-year-reviews/schaus-swallowtail.pdf,
Spruce-fir moss spider,Insect,Endangered,2014-12-02,/pdf/five-year-reviews/spruce-fir-moss-spider.pdf,
Southeastern Beach Mouse,Mammal,Threatened,2013-09-30,/pdf/five-year-reviews/southeastern-beach-mouse.pdf,
Alabama Beach Mouse,Mammal,Endangered,2009-11-27,/pdf/five-year-reviews/alabama-beach-mouse.pdf,
Anastasia Island Beach Mouse,Mammal,Endangered,2007-09-06,/pdf/five-year-reviews/anastasia-island-beach-mouse.pdf,
Carolina Northern Flying Squirrel,Mammal,Endangered,2013-06-28,/pdf/five-year-reviews/carolina-northern-flying-squirrel.pdf,
Choctawhatchee Beach Mouse,Mammal,Endangered,2007-09-04,/pdf/five-year-reviews/choctawhatchee-beach-mouse.pdf,
Florida Panther,Mammal,Endangered,2009-04-28,/pdf/five-year-reviews/florida-panther.pdf,
Florida Salt Marsh Vole,Mammal,Endangered,2008-06-05,/pdf/five-year-reviews/florida-salt-marsh-vole.pdf,
Key Deer,Mammal,Endangered,2010-08-23,/pdf/five-year-reviews/key-deer.pdf,
Key Largo Cotton Mouse,Mammal,Endangered,2009-03-26,/pdf/five-year-reviews/key-largo-cotton-mouse.pdf,
Key Largo Woodrat,Mammal,Endangered,2008-09-25,/pdf/five-year-reviews/key-largo-woodrat.pdf,
Louisiana Black Bear,Mammal,Threatened,2014-02-18,/pdf/five-year-reviews/louisiana-black-bear.pdf,
Lower Keys Marsh Rabbit,Mammal,Endangered,2007-09-21,/pdf/five-year-reviews/lower-keys-marsh-rabbit.pdf,
Perdido Key Beach Mouse,Mammal,Endangered,2007-09-04,/pdf/five-year-reviews/perdido-key-beach-mouse-2007.pdf,
Perdido Key Beach Mouse,Mammal,Endangered,2014-12-05,/pdf/five-year-reviews/perdido-key-beach-mouse-2014.pdf,
Red Wolf,Mammal,Endangered,2007-09-28,/pdf/five-year-reviews/red-wolf.pdf,
Rice Rat,Mammal,Endangered,2008-08-18,/pdf/five-year-reviews/rice-rat.pdf,
Southeastern Beach Mouse,Mammal,Threatened,2008-04-07,/pdf/five-year-reviews/southeastern-beach-mouse.pdf,
St. Andrew Beach mouse,Mammal,Endangered,2009-04-06,/pdf/five-year-reviews/st-andrews-beach-mouse.pdf,
West Indian manatee,Mammal,Endangered,2007-04-06,/pdf/five-year-reviews/west-indian-manatee.pdf,
Alabama Lampmussel,Mussel,Endangered ,2011-08-31,/pdf/five-year-reviews/alabama-lampmussel.pdf,
Alabama Moccasinshell,Mussel,Threatened,2008-04-07,/pdf/five-year-reviews/eleven-mobile-basin-mussels.pdf,*
Appalachian Elktoe,Mussel,Endangered,2009-03-03,/pdf/five-year-reviews/appalachian-elktoe.pdf,
Arkansas Fatmucket,Mussel,Endangered,2013-12-12,/pdf/five-year-reviews/arkansas-fatmucket.pdf,
Birdwing Pearlymussel,Mussel,Endangered,2011-08-19,/pdf/five-year-reviews/birdwing-dromedary-and-cracking-pearlymussels.pdf,
Black Clubshell,Mussel,Endangered,2009-04-27,/pdf/five-year-reviews/tombigbee-mussels-2009.pdf,
Black Clubshell,Mussel,Endangered,2015-09-08,/pdf/five-year-reviews/tombigbee-mussels-2015.pdf,
Carolina Heelsplitter,Mussel,Endangered,2012-05-29,/pdf/five-year-reviews/carolina-heelsplitter.pdf,
Chipola Slabshell,Mussel,Threatened,2007-09-17,/pdf/five-year-reviews/seven-panama-city-field-office-mussels.pdf,
Coosa Moccasinshell,Mussel,Endangered,2008-04-07,/pdf/five-year-reviews/eleven-mobile-basin-mussels.pdf,*
Cracking Pearlymussel,Mussel,Endangered,2011-08-19,/pdf/five-year-reviews/birdwing-dromedary-and-cracking-pearlymussels.pdf,
Cumberland Bean,Mussel,Endangered,2010-06-21,/pdf/five-year-reviews/cumberland-bean.pdf,
Cumberland Elktoe,Mussel,Endangered,2007-01-24,/pdf/five-year-reviews/cumberland-elktoe-2007.pdf,
Cumberland Elktoe,Mussel,Endangered,2015-07-21,/pdf/five-year-reviews/cumberland-elktoe-2015.pdf,
Cumberland Monkeyface,Mussel,Endangered,2011-07-28,/pdf/five-year-reviews/cumberland-monkeyface.pdf,
Cumberland Pigtoe,Mussel,Endangered,2015-08-24,/pdf/five-year-reviews/cumberland-pigtoe.pdf,
Cumberlandian Combshell,Mussel,Endangered,2007-09-19,/pdf/five-year-reviews/cumberland-combshell.pdf,
Dark Pigtoe,Mussel,Endangered,2008-04-07,/pdf/five-year-reviews/eleven-mobile-basin-mussels.pdf,*
Dromedary Pearlymussel,Mussel,Endangered,2011-08-19,/pdf/five-year-reviews/birdwing-dromedary-and-cracking-pearlymussels.pdf,
Fat Pocketbook Mussel,Mussel,Endangered,2012-03-30,/pdf/five-year-reviews/fat-pocketbook.pdf,
Fat Threeridge,Mussel,Endangered,2007-09-17,/pdf/five-year-reviews/seven-panama-city-field-office-mussels.pdf,
Fine-Lined Pocketbook,Mussel,Threatened,2008-04-07,/pdf/five-year-reviews/eleven-mobile-basin-mussels.pdf,*
Finerayed Pigtoe,Mussel,Endangered,2013-10-23,/pdf/five-year-reviews/finerayed-pigtoe.pdf,
Flat Pigtoe,Mussel,Endangered,2009-04-27,/pdf/five-year-reviews/tombigbee-mussels-2009.pdf,
Flat Pigtoe,Mussel,Endangered,2015-09-08,/pdf/five-year-reviews/tombigbee-mussels-2015.pdf,
Green Blossom,Mussel,Endangered,2007-09-21,/pdf/five-year-reviews/three-tennessee-blossum-mussels.pdf,
Gulf Moccasinshell,Mussel,Endangered,2007-09-17,/pdf/five-year-reviews/seven-panama-city-field-office-mussels.pdf,
Heavy pigtoe,Mussel,Endangered,2009-04-27,/pdf/five-year-reviews/tombigbee-mussels-2015.pdf,*
Heavy pigtoe,Mussel,Endangered,2015-09-08,/pdf/five-year-reviews/tombigbee-mussels-2015.pdf,
Littlewing pearlymussel,Mussel,Endangered,2013-11-01,/pdf/five-year-reviews/littlewing-pearlymussel.pdf,
Louisiana Pearlshell Mussel,Mussel,Threatened,2011-02-22,/pdf/five-year-reviews/louisiana-pearlshell.pdf,
Ochlockonee Moccasinshell,Mussel,Endangered,2007-09-17,/pdf/five-year-reviews/seven-panama-city-field-office-mussels.pdf,
Orange-Nacre Mucket,Mussel,Threatened,2008-04-07,/pdf/five-year-reviews/eleven-mobile-basin-mussels.pdf,*
Oval Pigtoe,Mussel,Endangered,2007-09-17,/pdf/five-year-reviews/seven-panama-city-field-office-mussels.pdf,
Ovate Clubshell,Mussel,Endangered,2008-04-07,/pdf/five-year-reviews/eleven-mobile-basin-mussels.pdf,*
Oyster Mussel,Mussel,Endangered,2011-07-12,/pdf/five-year-reviews/oyster-mussel.pdf,
Pale Lilliput,Mussel,Endangered,2011-08-31,/pdf/five-year-reviews/pale-lilliput.pdf,
Purple Bankclimber,Mussel,Threatened,2007-09-17,/pdf/five-year-reviews/seven-panama-city-field-office-mussels.pdf,
Ring Pink,Mussel,Endangered,2011-08-18,/pdf/five-year-reviews/ring-pink.pdf,
Rough Pigtoe,Mussel,Endangered,2014-09-01,/pdf/five-year-reviews/rough-pigtoe.pdf,
Shiny Pigtoe,Mussel,Endangered,2013-10-23,/pdf/five-year-reviews/shiny-pigtoe.pdf,
Shinyrayed Pocketbook,Mussel,Endangered,2007-09-17,/pdf/five-year-reviews/seven-panama-city-field-office-mussels.pdf,
Southern Acornshell,Mussel,Endangered,2008-04-07,/pdf/five-year-reviews/eleven-mobile-basin-mussels.pdf,*
Southern Clubshell,Mussel,Endangered,2008-04-07,/pdf/five-year-reviews/eleven-mobile-basin-mussels.pdf,*
Southern Combshell,Mussel,Endangered,2009-04-27,/pdf/five-year-reviews/tombigbee-mussels-2009.pdf,*
Southern Combshell,Mussel,Endangered,2015-09-08,/pdf/five-year-reviews/tombigbee-mussels-2015.pdf,
Southern Pigtoe,Mussel,Endangered,2008-04-07,/pdf/five-year-reviews/eleven-mobile-basin-mussels.pdf,*
Stirrupshell,Mussel,Endangered,2009-04-27,/pdf/five-year-reviews/tombigbee-mussels-2009.pdf,*
Stirrupshell,Mussel,Endangered,2015-09-08,/pdf/five-year-reviews/tombigbee-mussels-2015.pdf,
Tan Riffleshell,Mussel,Endangered,2013-09-26,/pdf/five-year-reviews/tan-riffleshell.pdf,
Tar River spinymussel,Mussel,Endangered,2014-09-10,/pdf/five-year-reviews/tar-river-spinymussel.pdf,
Tubercled Blossom,Mussel,Endangered,2011-08-12,/pdf/five-year-reviews/tubercled-blossom.pdf,
Turgid Blossom,Mussel,Endangered,2007-09-21,/pdf/five-year-reviews/three-tennessee-blossum-mussels.pdf,
Triangular Kidneyshell,Mussel,Endangered,2008-04-07,/pdf/five-year-reviews/eleven-mobile-basin-mussels.pdf,*
Upland Combshell,Mussel,Endangered,2008-04-07,/pdf/five-year-reviews/eleven-mobile-basin-mussels.pdf,*
Speckled Pocketbook,Mussel,Endangered,2007-01-19,/pdf/five-year-reviews/speckled-pocketbook-2005.pdf,
Speckled Pocketbook,Mussel,Endangered,2015-03-17,/pdf/five-year-reviews/speckled-pocketbook-2015.pdf,
Yellow Blossom,Mussel,Endangered,2007-09-21,/pdf/five-year-reviews/three-tennessee-blossum-mussels.pdf,
Adiantum Vivesii,Plant,Endangered,2008-06-05,/pdf/five-year-reviews/adiantum-vivesii.pdf,
Alabama Canebrake Pitcher-Plant,Plant,Endangered,2012-01-02,/pdf/five-year-reviews/alabama-canebrake-pitcher-plant.pdf,
Alabama Leather Flower,Plant,Endangered,2010-07-12,/pdf/five-year-reviews/alabama-leather-flower.pdf,
Alabama streak o sorus fern,Plant,Threatened,2014-03-31,/pdf/five-year-reviews/alabama-streaksorus-fern.pdf,
Apalachicola Rosemary,Plant,Endangered,2009-07-07,/pdf/five-year-reviews/apalachicola-rosemary.pdf,
Aristida Chaseae,Plant,Endangered,2010-12-02,/pdf/five-year-reviews/four-puerto-rican-plants.pdf,
Aristida Portoricensis (pelos del diablo),Plant,Endangered,2010-12-02,/pdf/five-year-reviews/four-puerto-rican-plants.pdf,
Auerodendron Pauciflorum,Plant,Endangered,2011-08-27,/pdf/five-year-reviews/auerodendron-pauciflorum.pdf,
Avon park Harebells,Plant,Endangered,2007-07-13,/pdf/five-year-reviews/avon-park-harebells.pdf,
Bariaco,Plant,Endangered,2012-08-21,/pdf/five-year-reviews/bariaco.pdf,
Beach Jacquemontia,Plant,Endangered,2007-05-30,/pdf/five-year-reviews/beach-jacquemontia.pdf,
Beautiful Pawpaw,Plant,Endangered,2009-06-17,/pdf/five-year-reviews/beautiful-pawpaw.pdf,
Black Spored Quillwort,Plant,Endangered,2008-09-30,/pdf/five-year-reviews/three-granite-outcrop-plants.pdf,
Blue Ridge Goldenrod,Plant,Threatened,2012-03-29,/pdf/five-year-reviews/blue-ridge-goldenrod.pdf,*
Bunched Arrowhead,Plant,Endangered,2014-03-24,/pdf/five-year-reviews/bunched-arrowhead.pdf,
Brauns Rockcress,Plant,Endangered,2010-05-28,/pdf/five-year-reviews/brauns-rockcress.pdf,
Brittons Beargrass,Plant,Endangered,2010-05-10,/pdf/five-year-reviews/brittons-beargrass.pdf,
Brooksville Bellflower,Plant,Endangered,2010-05-10,/pdf/five-year-reviews/brooksville-bellflower.pdf,
Calyptranthes thomasiana,Plant,Endangered,2013-09-22,/pdf/five-year-reviews/calyptranthes-thomasiana.pdf,
Canby's Dropwort,Plant,Endangered,2010-09-13,/pdf/five-year-reviews/canbys-dropwort-2010.pdf,
Canby's Dropwort,Plant,Endangered,2015-07-28,/pdf/five-year-reviews/canbys-dropwort-2015.pdf,
Capa rosa,Plant,Endangered,2015-09-08,/pdf/five-year-reviews/five-puerto-rican-el-yunque-plants.pdf,
Carter's Mustard,Plant,Endangered,2008-09-15,/pdf/five-year-reviews/carters-mustard.pdf,
Catesbea Melanocarpa,Plant,Endangered,2011-04-26,/pdf/five-year-reviews/catesbaea-melanocarpa.pdf,
Chamaecrista glandulosa var mirabilis,Plant,Endangered,2015-01-07,/pdf/five-year-reviews/chamaecrista-glandulosavar.pdf,
Chapman's Rhododendron,Plant,Endangered,2010-04-13,/pdf/five-year-reviews/chapmans-rhododendron.pdf,
Chupacallos,Plant,Endangered,2014-06-29,/pdf/five-year-reviews/chupacallos.pdf,
Cobana negra,Plant,Endangered,2014-10-29,/pdf/five-year-reviews/cobana-negra.pdf,
Cook's Holly,Plant,Endangered,2013-08-06,/pdf/five-year-reviews/cooks-holly.pdf,
Cooley's Meadowrue,Plant,Endangered,2009-01-08,/pdf/five-year-reviews/cooleys-meadowrue.pdf,
Cooley's Waterwillow,Plant,Endangered,2010-07-14,/pdf/five-year-reviews/cooleys-waterwillow.pdf,
Cranichis ricartii,Plant,Endangered,2016-06-16,/pdf/five-year-reviews/cranichis-ricartii.pdf,
Crenulate Leadplant,Plant,Endangered,2007-09-21,/pdf/five-year-reviews/crenulate-leadplant.pdf,
Cumberland Rosemary,Plant,Threatened,2011-06-06,/pdf/five-year-reviews/cumberland-rosemary.pdf,
Cumberland Sandwort,Plant,Endangered,2013-12-23,/pdf/five-year-reviews/cumberland-sandwort.pdf,
Daphnospsis Helleriana,Plant,Endangered,2013-07-19,/pdf/five-year-reviews/daphnospsis-hellerianapdf,
Deltoid Spurge,Plant,Endangered,2010-06-15,/pdf/five-year-reviews/deltoid-spurge.pdf,
Dwarf-Flowered Heartleaf,Plant,Threatened,2011-05-02,/pdf/five-year-reviews/dwarf-flowered-heartleaf.pdf,
Elaphoglossum Serpens,Plant,Endangered,2010-01-15,/pdf/five-year-reviews/three-puerto-rican-ferns.pdf,
Elfin Tree Fern,Plant,Endangered,2013-09-01,/pdf/five-year-reviews/elfin-tree-fern.pdf,
Etonia Rosemary,Plant,Endangered,2007-06-04,/pdf/five-year-reviews/etonia-rosemary.pdf,
Erubia,Plant ,Endangered,2015-10-30,/pdf/five-year-reviews/erubia.pdf,
Florida Bonamia,Plant,Threatened,2008-08-28,/pdf/five-year-reviews/florida-bonamia.pdf,
Florida Golden Aster,Plant,Endangered,2009-05-14,/pdf/five-year-reviews/florida-goldenaster.pdf,
Florida Perforate Cladonia,Plant,Endangered,2007-09-17,/pdf/five-year-reviews/florida-perforate-cladonia.pdf,
Florida Skullcap,Plant,Threatened,2009-06-11,/pdf/five-year-reviews/florida-skullcap.pdf,
Florida Torreya,Plant,Endangered,,/pdf/five-year-reviews/florida-torreya.pdf,
Florida Ziziphus,Plant,Endangered,2009-08-27,/pdf/five-year-reviews/florida-ziziphus.pdf,
Four Petal Pawpaw,Plant,Endangered,2009-04-06,/pdf/five-year-reviews/four-petal-pawpaw.pdf,
Fragrant Prickly Apple,Plant,Endangered,2010-06-24,/pdf/five-year-reviews/fragrant-prickly-apple.pdf,
Fringed Campion,Plant,Endangered,2015-03-15,/pdf/five-year-reviews/fringed-campion.pdf,
Garber's Spurge,Plant,Threatened,2007-09-06,/pdf/five-year-reviews/garbers-spurge.pdf,
Garrett's Mint,Plant,Endangered,2009-09-03,/pdf/five-year-reviews/garretts-mint.pdf,
Gentian pinkroot,Plant,Endangered,2009-01-21,/pdf/five-year-reviews/gentian-pinkroot.pdf,
Gesneria Pauciflora,Plant,Threatened,2013-04-24,/pdf/five-year-reviews/gesneria-pauciflora.pdf,
Geocarpon Minimum,Plant,Threatened,2009-06-30,/pdf/five-year-reviews/geocarpon-minimum-2009.pdf,
Geocarpon Minimum,Plant,Threatened,2016-07-20,/pdf/five-year-reviews/geocarpon-minimum-2015.pdf,
Godfrey's Butterwort,Plant,Threatened,2009-07-08,/pdf/five-year-reviews/godfreys-butterwort.pdf,
Goetzea Elegans (Beautiful goetzea),Plant,Endangered,2013-08-29,/pdf/five-year-reviews/beautiful-goetzea.pdf,
Golden Sedge,Plant,Endangered,2009-12-18,/pdf/five-year-reviews/golden-sedge-2009.pdf,*
Golden Sedge,Plant,Endangered,2015-08-24,/pdf/five-year-reviews/golden-sedge-2015.pdf,
Green pitcher plant,Plant,Endangered,2014-04-01,/pdf/five-year-reviews/green-pitcher-plant.pdf,
Hairy Rattleweed,Plant,Endangered,2011-12-01,/pdf/five-year-reviews/hairy-rattleweed.pdf,
Harper's Beauty,Plant,Endangered,2009-09-11,/pdf/five-year-reviews/harpers-beauty-2009.pdf,
Harper's Beauty,Plant,Endangered,2015-02-23,/pdf/five-year-reviews/harpers-beauty-2015.pdf,
Harrisia Portoricensis,Plant,Threatened,2010-01-15,/pdf/five-year-reviews/higo-chumbo.pdf,
Heller's Blazing Star,Plant,Threatened,2013-08-03,/pdf/five-year-reviews/hellers-blazing-star.pdf,
Highlands Scrub Hypericum,Plant,Endangered,2008-09-05,/pdf/five-year-reviews/highlands-scrub-hypericum.pdf,
Ilex sintensisii,Plant,Endangered,2015-09-08,/pdf/five-year-reviews/five-puerto-rican-el-yunque-plants.pdf,
Key Tree-Cactus,Plant,Endangered,2010-08-27,/pdf/five-year-reviews/key-tree-cactus.pdf,
Kral's water plantain,Plant,Threatened,2014-04-29,/pdf/five-year-reviews/krals-waterplantain.pdf,
Lakela's Mint,Plant,Endangered,2008-09-25,/pdf/five-year-reviews/lakelas-mint.pdf,
Large-flowered Skullcap,Plant,Endangered,2015-01-08,/pdf/five-year-reviews/large-flowered-skullcap.pdf,
Leavy Prairie Clover,Plant,Endangered,2015-06-14,/pdf/five-year-reviews/leavy-prairie-clover.pdf,
Lepanthes eltorensis,Plant,Endangered,2015-08-24,/pdf/five-year-reviews/lepanthes-eltoroensis.pdf,
Leptocereus grantianus,Plant,Endangered,2015-01-19,/pdf/five-year-reviews/leptocereus-grantianus.pdf,
Lewton's Polygala,Plant,Endangered,2010-08-05,/pdf/five-year-reviews/lewtons-polygala.pdf,
Little Amphianthus,Plant,Threatened,2008-09-30,/pdf/five-year-reviews/three-granite-outcrop-plants.pdf,
Longspurred Mint,Plant,Endangered,2008-09-10,/pdf/five-year-reviews/longspurred-mint.pdf,
Louisiana Quillwort,Plant,Endangered,2012-06-20,/pdf/five-year-reviews/louisiana-quillwort.pdf,
Lyonia Truncata Var Proctorii,Plant,Endangered,2010-12-02,/pdf/five-year-reviews/four-puerto-rican-plants.pdf,
Lyrate Bladderpod,Plant,Threatened,2009-04-08,/pdf/five-year-reviews/lyrate-bladderpod.pdf,
Mat Forming Quillwort,Plant,Endangered,2008-09-30,/pdf/five-year-reviews/three-granite-outcrop-plants.pdf,
Miccosukee Gooseberry,Plant,Threatened,2008-07-15,/pdf/five-year-reviews/miccosukee-gooseberry-2008.pdf,
Miccosukee Gooseberry,Plant,Threatened,2015-06-17,/pdf/five-year-reviews/miccosukee-gooseberry-2015.pdf,
Michaux's sumac,Plant,Endangered,2014-09-03,/pdf/five-year-reviews/michauxs-sumac.pdf,
Mitracarpus Maxwelliae/M. Polycladus,Plant,Endangered,2011-04-27,/pdf/five-year-reviews/mitracarpus-maxwelliae.pdf,*
Mohr's barbaras button,Plant,Threatened,2016-07-21,/pdf/five-year-reviews/mohrs-barbaras-button.pdf,
Mountain Golden Heather (Hudsonia Montana),Plant,Threatened,2013-01-14,/pdf/five-year-reviews/mountain-golden-heather.pdf,
Mountain Sweet Pitcher Plant,Plant,Endangered,2013-05-21,/pdf/five-year-reviews/mountain-sweet-pitcher-plant.pdf,
Morefield's Leather Flower,Plant,Endangered,2010-09-13,/pdf/five-year-reviews/morefields-leather-flower.pdf,
Myrcia paganii,Plant,Endangered,2016-06-16,/pdf/five-year-reviews/myrcia-paganii.pdf,
Nogal or West Indian Walnut,Plant,Endangered,2013-03-28,/pdf/five-year-reviews/nogal.pdf,
Okeechobee Gourd,Plant,Endangered,2009-09-03,/pdf/five-year-reviews/okeechobee-gourd.pdf,
Palma de Manaca,Plant,Threatened,2009-09-18,/pdf/five-year-reviews/palma-de-manaca-2009.pdf,
Palma de Manaca,Plant,Threatened,2016-05-24,/pdf/five-year-reviews/palma-de-manaca-2016.pdf,
Palo colorado,Plant,Endangered,2015-09-08,/pdf/five-year-reviews/five-puerto-rican-el-yunque-plants.pdf,
Palo de Jazmin,Plant,Endangered,2015-09-08,/pdf/five-year-reviews/five-puerto-rican-el-yunque-plants.pdf,
Palo de nigua,Plant,Endangered,2014-07-15,/pdf/five-year-reviews/palo-de-nigua.pdf,
Palo de Ramon,Plant,Endangered,2014-01-10,/pdf/five-year-reviews/palo-de-ramon.pdf,
Papery Whitlow Wort,Plant,Threatened,2008-09-28,/pdf/five-year-reviews/papery-whitlowwort.pdf,
Peperomia Wheeleri ,Plant,Endangered,2014-03-12,/pdf/five-year-reviews/peperomia-wheeleri.pdf,
Persistent Trillium,Plant,Endangered,2011-10-16,/pdf/five-year-reviews/persistent-trillium.pdf,
Pigeon Wings,Plant,Threatened,2008-09-15,/pdf/five-year-reviews/pigeon-wings.pdf,
Polystichum Calderonense,Plant,Endangered,2010-01-15,/pdf/five-year-reviews/three-puerto-rican-ferns.pdf,
Pondberry,Plant,Endangered,2014-03-05,/pdf/five-year-reviews/pondberry.pdf,
Pygmy Fringe-Tree,Plant,Endangered,2010-08-17,/pdf/five-year-reviews/pygmy-fringe-tree.pdf,
Pynes Ground Plum,Plant,Endangered,2011-10-21,/pdf/five-year-reviews/pynes-ground-plum.pdf,
Relict Trillium,Plant,Endangered,2015-01-19,/pdf/five-year-reviews/relict-trillium.pdf,
Rock Gnome Lichen,Plant,Endangered,2013-03-28,/pdf/five-year-reviews/rock-gnome-lichen.pdf,
Rough-leaved loosestrife,Plant,Endangered,2014-11-16,/pdf/five-year-reviews/rough-leaf-loosestrife.pdf,
Rugel's Pawpaw,Plant,Endangered,2005-09-28,/pdf/five-year-reviews/rugels-pawpaw.pdf,
Ruth's Golden Aster,Plant,Endangered,2012-04-19,/pdf/five-year-reviews/ruths-golden-aster.pdf,
Sandlace,Plant,Endangered,2010-08-26,/pdf/five-year-reviews/sandlace.pdf,
Schoepfia arenaria,Plant,Threatened,2016-07-18,/pdf/five-year-reviews/schoepfia-arenaria.pdf,
Schweinitz's Sunflower,Plant,Endangered,2010-08-24,/pdf/five-year-reviews/schweinitzs-sunflower.pdf,
Scrub Blazingstar,Plant,Endangered,2010-08-16,/pdf/five-year-reviews/scrub-blazingstar.pdf,
Scrub Buckwheat,Plant,Threatened,2008-07-23,/pdf/five-year-reviews/scrub-buckwheat.pdf,
Scrub Lupine,Plant,Endangered,2007-11-27,/pdf/five-year-reviews/scrub-lupine.pdf,
Scrub Mint,Plant,Endangered,2009-08-06,/pdf/five-year-reviews/scrub-mint.pdf,
Scrub Plum,Plant,Endangered,2009-05-19,/pdf/five-year-reviews/scrub-plum.pdf,
Seabeach Amaranth,Plant,Threatened,2007-06-04,/pdf/five-year-reviews/seabeach-amaranth.pdf,
Short-Leaved Rosemary,Plant,Endangered,2008-08-08,/pdf/five-year-reviews/short-leaved-rosemary.pdf,
Shorts Goldenrod,Plant,Endangered,2007-10-25,/pdf/five-year-reviews/shorts-goldenrod.pdf,
Small's Milkpea,Plant,Endangered,2010-07-23,/pdf/five-year-reviews/smalls-milkpea.pdf,
Smooth Coneflower,Plant,Endangered,2011-08-02,/pdf/five-year-reviews/smooth-coneflower.pdf,*
Snakeroot,Plant,Endangered,2010-07-07,/pdf/five-year-reviews/snakeroot.pdf,
Spreading Avens,Plant,Endangered,2013-08-03,/pdf/five-year-reviews/spreading-avens.pdf,
Springcreek Bladderpod,Plant,Endangered,2011-10-19,/pdf/five-year-reviews/spring-creek-bladderpod.pdf,
St Thomas prickly ash,Plant,Endangered,2015-08-28,/pdf/five-year-reviews/st-thomas-prickly-ash.pdf,
Tectaria Estremerana,Plant,Endangered,2010-01-15,/pdf/five-year-reviews/three-puerto-rican-ferns.pdf,
Telephus Spurge,Plant,Threatened,2008-03-06,/pdf/five-year-reviews/telephus-spurge-2008.pdf,
Telephus Spurge,Plant,Threatened,2015-01-22,/pdf/five-year-reviews/telephus-spurge-2015.pdf,
Tennessee Purple Coneflower,Plant,Delisted,2010-08-12,,
Tennessee Yellow-Eyed Grass,Plant,Endangered,2014-03-12,/pdf/five-year-reviews/tennessee-yellow-eyed-grass.pdf,
Ternostroema subsessilis,Plant,Endangered,2015-09-08,/pdf/five-year-reviews/five-puerto-rican-el-yunque-plants.pdf,
Thelypteris inabonensis,Plant,Endangered,2015-05-18,/pdf/five-year-reviews/three-thelypteris-species.pdf,
Thelypteris verecunda,Plant,Endangered,2015-05-18,/pdf/five-year-reviews/three-thelypteris-species.pdf,
Thelypteris yaucoensis,Plant,Endangered,2015-05-18,/pdf/five-year-reviews/three-thelypteris-species.pdf,
Thomas Lidflower,Plant,Endangered,,/pdf/five-year-reviews/thomas-lidflower.pdf,
Tiny Polygala,Plant,Endangered,2010-06-07,/pdf/five-year-reviews/tiny-polygala.pdf,
Uvillo,Plant,Endangered ,2014-06-29,/pdf/five-year-reviews/chupacallos-and-uvillo.pdf,
Vahl's Boxwood,Plant,Endangered,2013-04-19,/pdf/five-year-reviews/vahls-boxwood.pdf,
Vernonia Proctorii,Plant,Endangered,2010-12-02,/pdf/five-year-reviews/four-puerto-rican-plants.pdf,
White Birds in a nest,Plant,Threatened,2009-03-10,/pdf/five-year-reviews/white-birds-in-a-nest.pdf,
White-Haired Goldenrod,Plant,Threatened,2009-03-03,/pdf/five-year-reviews/white-haired-goldenrod-2009.pdf,
White-Haired Goldenrod,Plant,Threatened,2015-09-01,/pdf/five-year-reviews/white-haired-goldenrod-2015.pdf,
White-Irisette,Plant,Endangered,2013-05-03,/pdf/five-year-reviews/white-irisette.pdf,
Wide-Leaf Warea,Plant,Endangered,2007-09-17,/pdf/five-year-reviews/wide-leaf-warea.pdf,
Wireweed,Plant,Endangered,2010-09-07,/pdf/five-year-reviews/wireweed.pdf,
Alabama red-bellied turtle,Reptile,Endangered,2015-07-12,/pdf/five-year-reviews/alabama-red-bellied-turtle.pdf,
American Crocodile,Reptile,Threatened,2007-02-22,,
Atlantic Salt Marsh Snake,Reptile,Threatened,2008-03-24,/pdf/five-year-reviews/atlantic-salt-marsh-snake.pdf,
Bluetail Mole Skink,Reptile,Threatened,2007-08-02,/pdf/five-year-reviews/two-florida-skinks.pdf,
Culebra Island Giant Anole,Reptile,Endangered,2014-01-14,/pdf/five-year-reviews/culebra-island-giant-anole.pdf,
Eastern Indigo Snake,Reptile,Threatened,2008-04-29,/pdf/five-year-reviews/eastern-indigo-snake.pdf,
Flattened musk turtle,Reptile,Threatened,2014-07-17,/pdf/five-year-reviews/flattened-musk-turtle.pdf,
Gopher tortoise,Reptile,Threatened,2011-07-27,/pdf/five-year-reviews/gopher-tortoise.pdf,
Mona boa,Reptile,Threatened,2014-11-16,/pdf/five-year-reviews/mona-boa.pdf,
Mona Iguana,Reptile,Threatened,2015-03-04,/pdf/five-year-reviews/mona-iguana.pdf,
Puerto Rican Boa,Reptile,Endangered,2011-09-16,/pdf/five-year-reviews/puerto-rican-boa.pdf,
Sand Skink,Reptile,Threatened,2007-08-02,/pdf/five-year-reviews/two-florida-skinks.pdf,
St. Croix ground lizard,Reptile,Endangered,2013-08-21,/pdf/five-year-reviews/st-croix-ground-lizard.pdf,
Virgin Island Tree Boa,Reptile,Endangered,2009-08-14,/pdf/five-year-reviews/virgin-islands-tree-boa.pdf,
Ringed Map Turtle,Reptile,Threatened,2010-08-17,/pdf/five-year-reviews/ringed-map-turtle.pdf,
Green Sea Turtle,Reptile,Endangered & Threatened,2007-08-22,/pdf/five-year-reviews/green-sea-turtle.pdf,
Hawksbill Sea Turtle,Reptile,Endangered,2007-08-23,/pdf/five-year-reviews/hawskbill-sea-turtle-2007.pdf,
Hawksbill Sea Turtle,Reptile,Endangered,2013-05-28,/pdf/five-year-reviews/hawksbill-sea-turtle-2013.pdf,
Kemp's Ridley Sea Turtle,Reptile,Endangered,,/pdf/five-year-reviews/kemps-ridley-sea-turtle.pdf,
Leatherback Sea Turtle,Reptile,Endangered,2007-08-21,/pdf/five-year-reviews/leatherback-sea-turtle-2007.pdf,
Leatherback Sea Turtle,Reptile,Endangered,2013-11-15,/pdf/five-year-reviews/leatherback-sea-turtle-2013.pdf,
Loggerhead Sea Turtle,Reptile,Endangered &Threatened,2007-08-27,/pdf/five-year-reviews/loggerhead-sea-turtle.pdf,
Olive Ridley Sea Turtle,Reptile,Threatened,2007-08-21,/pdf/five-year-reviews/olive-ridley-sea-turtle-2007.pdf,
Olive Ridley Sea Turtle,Reptile,Threatened,2014-06-18,/pdf/five-year-reviews/olive-ridley-sea-turtle-2014.pdf,
Noonday Globe,Snail,Threatened,2013-10-28,/pdf/five-year-reviews/noonday-globe.pdf,
Anthony's Riversnail,Snail,Endangered,2011-03-11,/pdf/five-year-reviews/anthonys-riversnail.pdf,
Armored Snail,Snail,Endangered,2010-09-22,/pdf/five-year-reviews/armored-snail.pdf,
Cylindrical Lioplax,Snail,Endangered,2006-08-29,/pdf/five-year-reviews/six-mobile-river-basin-snails-2006.pdf,
Cylindrical Lioplax,Snail,Endangered,2016-07-08,/pdf/five-year-reviews/six-mobile-river-basin-snails-2016.pdf,
Flat Pebblesnail,Snail,Endangered,2006-08-29,/pdf/five-year-reviews/six-mobile-river-basin-snails-2006.pdf,
Flat Pebblesnail,Snail,Endangered,2016-07-08,/pdf/five-year-reviews/six-mobile-river-basin-snails-2016.pdf,
Lacy Elimia,Snail,Threatened,2006-08-29,/pdf/five-year-reviews/six-mobile-river-basin-snails-2006.pdf,
Lacy Elimia,Snail,Threatened,2016-07-08,/pdf/five-year-reviews/six-mobile-river-basin-snails-2016.pdf,
Painted Rocksnail,Snail,Threatened,2006-08-29,/pdf/five-year-reviews/six-mobile-river-basin-snails-2006.pdf,
Painted Rocksnail,Snail,Threatened,2016-07-08,/pdf/five-year-reviews/six-mobile-river-basin-snails-2016.pdf,
Painted Snake Coiled Forest Snail,Snail,Threatened,2008-01-16,/pdf/five-year-reviews/painted-snake-coiled-forest-snail-2008.pdf,
Painted Snake Coiled Forest Snail,Snail,Threatened,2016-07-29,/pdf/five-year-reviews/painted-snake-coiled-forest-snail-2015.pdf,
Plicate Rocksnail,Snail,Endangered,2006-08-29,/pdf/five-year-reviews/six-mobile-river-basin-snails-2006.pdf,
Plicate Rocksnail,Snail,Endangered,2016-07-08,/pdf/five-year-reviews/six-mobile-river-basin-snails-2016.pdf,
Round Rocksnail,Snail,Threatened,2006-08-29,/pdf/five-year-reviews/six-mobile-river-basin-snails-2006.pdf,
Round Rocksnail,Snail,Threatened,2016-07-08,/pdf/five-year-reviews/six-mobile-river-basin-snails-2016.pdf,
Royal Marstonia,Snail,Endangered,2011-12-01,/pdf/five-year-reviews/royal-marstonia.pdf,
Slender Campeloma,Snail,Endangered,2012-08-07,/pdf/five-year-reviews/slender-campeloma.pdf,
Stock Island Tree Snail,Snail,Threatened,2009-09-11,/pdf/five-year-reviews/stock-island-tree-snail.pdf,
Tulotoma Snail,Snail,Endangered,2008-02-29,/pdf/five-year-reviews/tulotoma-snail.pdf,
White wartynack,Mussel,Endnagered,2016-09-09,/pdf/five-year-reviews/white-wartyback.pdf,
Small-anthered bittercress,Plant,Endangered,2016-11-25,/pdf/five-year-reviews/small-anthered-bittercress.pdf,
Scrub Lupine,Plant,Endangered,2016-11-30,/pdf/five-year-reviews/scrub-lupine-2016.pdf,
